filename,width,height,class,xmin,ymin,xmax,ymax
kubis-3_png.rf.fdae05a9b04f1a83cbdace1687b66f60.jpg,640,640,Tidak Sehat,231,61,251,85
kubis-3_png.rf.fdae05a9b04f1a83cbdace1687b66f60.jpg,640,640,Tidak Sehat,211,68,232,96
kubis-3_png.rf.fdae05a9b04f1a83cbdace1687b66f60.jpg,640,640,Tidak Sehat,185,70,206,101
kubis-3_png.rf.fdae05a9b04f1a83cbdace1687b66f60.jpg,640,640,Tidak Sehat,164,75,181,107
kubis-3_png.rf.fdae05a9b04f1a83cbdace1687b66f60.jpg,640,640,Tidak Sehat,138,81,163,113
kubis-3_png.rf.fdae05a9b04f1a83cbdace1687b66f60.jpg,640,640,Sehat,230,97,266,135
kubis-3_png.rf.fdae05a9b04f1a83cbdace1687b66f60.jpg,640,640,Sehat,187,105,217,144
kubis-3_png.rf.fdae05a9b04f1a83cbdace1687b66f60.jpg,640,640,Sehat,158,109,191,148
kubis-3_png.rf.fdae05a9b04f1a83cbdace1687b66f60.jpg,640,640,Sehat,124,124,152,152
kubis-3_png.rf.fdae05a9b04f1a83cbdace1687b66f60.jpg,640,640,Tidak Sehat,103,129,127,166
kubis-3_png.rf.fdae05a9b04f1a83cbdace1687b66f60.jpg,640,640,Sehat,192,173,227,209
kubis-3_png.rf.fdae05a9b04f1a83cbdace1687b66f60.jpg,640,640,Tidak Sehat,245,164,266,192
kubis-3_png.rf.fdae05a9b04f1a83cbdace1687b66f60.jpg,640,640,Tidak Sehat,136,201,158,225
kubis-3_png.rf.fdae05a9b04f1a83cbdace1687b66f60.jpg,640,640,Tidak Sehat,254,196,273,222
kubis-3_png.rf.fdae05a9b04f1a83cbdace1687b66f60.jpg,640,640,Sehat,225,204,254,238
kubis-3_png.rf.fdae05a9b04f1a83cbdace1687b66f60.jpg,640,640,Sehat,157,224,189,263
kubis-3_png.rf.fdae05a9b04f1a83cbdace1687b66f60.jpg,640,640,Sehat,173,259,214,300
kubis-3_png.rf.fdae05a9b04f1a83cbdace1687b66f60.jpg,640,640,Sehat,241,236,273,277
kubis-3_png.rf.fdae05a9b04f1a83cbdace1687b66f60.jpg,640,640,Sehat,270,256,306,303
kubis-3_png.rf.fdae05a9b04f1a83cbdace1687b66f60.jpg,640,640,Tidak Sehat,123,245,142,264
kubis-3_png.rf.fdae05a9b04f1a83cbdace1687b66f60.jpg,640,640,Tidak Sehat,87,260,100,281
kubis-3_png.rf.fdae05a9b04f1a83cbdace1687b66f60.jpg,640,640,Tidak Sehat,142,278,163,307
kubis-3_png.rf.fdae05a9b04f1a83cbdace1687b66f60.jpg,640,640,Tidak Sehat,100,289,124,318
kubis-3_png.rf.fdae05a9b04f1a83cbdace1687b66f60.jpg,640,640,Sehat,81,326,115,369
kubis-3_png.rf.fdae05a9b04f1a83cbdace1687b66f60.jpg,640,640,Tidak Sehat,130,318,151,348
kubis-3_png.rf.fdae05a9b04f1a83cbdace1687b66f60.jpg,640,640,Tidak Sehat,147,309,180,340
kubis-3_png.rf.fdae05a9b04f1a83cbdace1687b66f60.jpg,640,640,Tidak Sehat,113,322,132,354
kubis-3_png.rf.fdae05a9b04f1a83cbdace1687b66f60.jpg,640,640,Tidak Sehat,18,319,44,349
kubis-3_png.rf.fdae05a9b04f1a83cbdace1687b66f60.jpg,640,640,Tidak Sehat,50,348,68,370
kubis-3_png.rf.fdae05a9b04f1a83cbdace1687b66f60.jpg,640,640,Tidak Sehat,8,366,29,394
kubis-3_png.rf.fdae05a9b04f1a83cbdace1687b66f60.jpg,640,640,Tidak Sehat,1,328,17,355
kubis-3_png.rf.fdae05a9b04f1a83cbdace1687b66f60.jpg,640,640,Tidak Sehat,0,282,21,315
kubis-3_png.rf.fdae05a9b04f1a83cbdace1687b66f60.jpg,640,640,Sehat,227,340,272,399
kubis-3_png.rf.fdae05a9b04f1a83cbdace1687b66f60.jpg,640,640,Sehat,146,368,185,407
kubis-3_png.rf.fdae05a9b04f1a83cbdace1687b66f60.jpg,640,640,Tidak Sehat,132,384,153,411
kubis-3_png.rf.fdae05a9b04f1a83cbdace1687b66f60.jpg,640,640,Sehat,182,363,202,405
kubis-3_png.rf.fdae05a9b04f1a83cbdace1687b66f60.jpg,640,640,Sehat,202,356,226,400
kubis-3_png.rf.fdae05a9b04f1a83cbdace1687b66f60.jpg,640,640,Sehat,279,329,309,377
kubis-3_png.rf.fdae05a9b04f1a83cbdace1687b66f60.jpg,640,640,Tidak Sehat,307,332,325,357
kubis-3_png.rf.fdae05a9b04f1a83cbdace1687b66f60.jpg,640,640,Tidak Sehat,318,372,337,395
kubis-3_png.rf.fdae05a9b04f1a83cbdace1687b66f60.jpg,640,640,Tidak Sehat,292,377,313,403
kubis-3_png.rf.fdae05a9b04f1a83cbdace1687b66f60.jpg,640,640,Tidak Sehat,268,378,293,405
kubis-2_png.rf.1aad573b6e8df9a7de96b3e53e5f8980.jpg,640,640,Sehat,12,8,64,68
kubis-2_png.rf.1aad573b6e8df9a7de96b3e53e5f8980.jpg,640,640,Sehat,14,61,76,122
kubis-2_png.rf.1aad573b6e8df9a7de96b3e53e5f8980.jpg,640,640,Tidak Sehat,38,233,53,249
kubis-2_png.rf.1aad573b6e8df9a7de96b3e53e5f8980.jpg,640,640,Tidak Sehat,35,213,52,230
kubis-2_png.rf.1aad573b6e8df9a7de96b3e53e5f8980.jpg,640,640,Tidak Sehat,48,184,70,210
kubis-2_png.rf.1aad573b6e8df9a7de96b3e53e5f8980.jpg,640,640,Tidak Sehat,72,168,97,206
kubis-2_png.rf.1aad573b6e8df9a7de96b3e53e5f8980.jpg,640,640,Sehat,22,132,71,182
kubis-2_png.rf.1aad573b6e8df9a7de96b3e53e5f8980.jpg,640,640,Sehat,73,112,117,164
kubis-2_png.rf.1aad573b6e8df9a7de96b3e53e5f8980.jpg,640,640,Tidak Sehat,59,217,105,278
kubis-2_png.rf.1aad573b6e8df9a7de96b3e53e5f8980.jpg,640,640,Sehat,67,274,112,324
kubis-2_png.rf.1aad573b6e8df9a7de96b3e53e5f8980.jpg,640,640,Sehat,111,203,151,252
kubis-2_png.rf.1aad573b6e8df9a7de96b3e53e5f8980.jpg,640,640,Sehat,114,266,161,316
kubis-2_png.rf.1aad573b6e8df9a7de96b3e53e5f8980.jpg,640,640,Sehat,217,164,252,207
kubis-2_png.rf.1aad573b6e8df9a7de96b3e53e5f8980.jpg,640,640,Sehat,164,189,204,228
kubis-2_png.rf.1aad573b6e8df9a7de96b3e53e5f8980.jpg,640,640,Sehat,159,244,184,285
kubis-2_png.rf.1aad573b6e8df9a7de96b3e53e5f8980.jpg,640,640,Sehat,177,226,217,271
kubis-2_png.rf.1aad573b6e8df9a7de96b3e53e5f8980.jpg,640,640,Sehat,202,211,235,260
kubis-2_png.rf.1aad573b6e8df9a7de96b3e53e5f8980.jpg,640,640,Sehat,230,207,263,259
kubis-2_png.rf.1aad573b6e8df9a7de96b3e53e5f8980.jpg,640,640,Sehat,264,144,297,190
kubis-2_png.rf.1aad573b6e8df9a7de96b3e53e5f8980.jpg,640,640,Tidak Sehat,268,94,291,128
kubis-2_png.rf.1aad573b6e8df9a7de96b3e53e5f8980.jpg,640,640,Sehat,234,100,275,141
kubis-2_png.rf.1aad573b6e8df9a7de96b3e53e5f8980.jpg,640,640,Sehat,188,119,234,172
kubis-2_png.rf.1aad573b6e8df9a7de96b3e53e5f8980.jpg,640,640,Sehat,166,126,193,175
kubis-2_png.rf.1aad573b6e8df9a7de96b3e53e5f8980.jpg,640,640,Sehat,132,131,176,185
kubis-2_png.rf.1aad573b6e8df9a7de96b3e53e5f8980.jpg,640,640,Tidak Sehat,110,99,148,150
kubis-2_png.rf.1aad573b6e8df9a7de96b3e53e5f8980.jpg,640,640,Sehat,178,71,213,126
kubis-2_png.rf.1aad573b6e8df9a7de96b3e53e5f8980.jpg,640,640,Sehat,212,66,239,116
kubis-2_png.rf.1aad573b6e8df9a7de96b3e53e5f8980.jpg,640,640,Sehat,230,56,262,100
kubis-2_png.rf.1aad573b6e8df9a7de96b3e53e5f8980.jpg,640,640,Sehat,249,44,290,85
kubis-2_png.rf.1aad573b6e8df9a7de96b3e53e5f8980.jpg,640,640,Sehat,48,11,86,55
kubis-2_png.rf.1aad573b6e8df9a7de96b3e53e5f8980.jpg,640,640,Sehat,79,44,122,97
kubis-2_png.rf.1aad573b6e8df9a7de96b3e53e5f8980.jpg,640,640,Sehat,113,26,167,87
kubis-2_png.rf.1aad573b6e8df9a7de96b3e53e5f8980.jpg,640,640,Sehat,157,316,196,359
kubis-2_png.rf.1aad573b6e8df9a7de96b3e53e5f8980.jpg,640,640,Sehat,192,305,220,360
kubis-2_png.rf.1aad573b6e8df9a7de96b3e53e5f8980.jpg,640,640,Sehat,262,275,295,327
kubis-2_png.rf.1aad573b6e8df9a7de96b3e53e5f8980.jpg,640,640,Sehat,266,330,298,361
kubis-2_png.rf.1aad573b6e8df9a7de96b3e53e5f8980.jpg,640,640,Sehat,223,282,264,332
kubis-2_png.rf.1aad573b6e8df9a7de96b3e53e5f8980.jpg,640,640,Sehat,186,9,224,55
2_png.rf.4ca79391729e7d65e11b98540c9987e1.jpg,640,640,Sehat,134,164,184,219
2_png.rf.4ca79391729e7d65e11b98540c9987e1.jpg,640,640,Sehat,190,145,234,200
2_png.rf.4ca79391729e7d65e11b98540c9987e1.jpg,640,640,Sehat,232,117,272,166
2_png.rf.4ca79391729e7d65e11b98540c9987e1.jpg,640,640,Sehat,81,122,121,174
2_png.rf.4ca79391729e7d65e11b98540c9987e1.jpg,640,640,Tidak Sehat,272,115,295,155
2_png.rf.4ca79391729e7d65e11b98540c9987e1.jpg,640,640,Tidak Sehat,294,108,313,137
2_png.rf.4ca79391729e7d65e11b98540c9987e1.jpg,640,640,Sehat,343,75,363,127
2_png.rf.4ca79391729e7d65e11b98540c9987e1.jpg,640,640,Sehat,353,69,388,119
2_png.rf.4ca79391729e7d65e11b98540c9987e1.jpg,640,640,Sehat,401,42,434,99
2_png.rf.4ca79391729e7d65e11b98540c9987e1.jpg,640,640,Sehat,422,30,454,83
2_png.rf.4ca79391729e7d65e11b98540c9987e1.jpg,640,640,Sehat,490,2,529,51
2_png.rf.4ca79391729e7d65e11b98540c9987e1.jpg,640,640,Tidak Sehat,525,133,557,179
2_png.rf.4ca79391729e7d65e11b98540c9987e1.jpg,640,640,Tidak Sehat,466,123,487,160
2_png.rf.4ca79391729e7d65e11b98540c9987e1.jpg,640,640,Tidak Sehat,474,157,503,207
2_png.rf.4ca79391729e7d65e11b98540c9987e1.jpg,640,640,Tidak Sehat,88,281,129,321
2_png.rf.4ca79391729e7d65e11b98540c9987e1.jpg,640,640,Tidak Sehat,124,42,169,96
2_png.rf.4ca79391729e7d65e11b98540c9987e1.jpg,640,640,Sehat,160,38,192,89
2_png.rf.4ca79391729e7d65e11b98540c9987e1.jpg,640,640,Sehat,182,20,217,79
2_png.rf.4ca79391729e7d65e11b98540c9987e1.jpg,640,640,Tidak Sehat,120,106,156,148
2_png.rf.4ca79391729e7d65e11b98540c9987e1.jpg,640,640,Tidak Sehat,147,94,190,134
2_png.rf.4ca79391729e7d65e11b98540c9987e1.jpg,640,640,Sehat,193,66,231,123
2_png.rf.4ca79391729e7d65e11b98540c9987e1.jpg,640,640,Sehat,184,70,230,123
2_png.rf.4ca79391729e7d65e11b98540c9987e1.jpg,640,640,Tidak Sehat,271,43,296,77
2_png.rf.4ca79391729e7d65e11b98540c9987e1.jpg,640,640,Sehat,243,55,277,97
2_png.rf.4ca79391729e7d65e11b98540c9987e1.jpg,640,640,Sehat,217,62,257,108
2_png.rf.4ca79391729e7d65e11b98540c9987e1.jpg,640,640,Sehat,42,566,96,619
2_png.rf.4ca79391729e7d65e11b98540c9987e1.jpg,640,640,Sehat,42,536,70,576
2_png.rf.4ca79391729e7d65e11b98540c9987e1.jpg,640,640,Sehat,66,524,99,570
2_png.rf.4ca79391729e7d65e11b98540c9987e1.jpg,640,640,Sehat,50,465,90,524
2_png.rf.4ca79391729e7d65e11b98540c9987e1.jpg,640,640,Tidak Sehat,223,181,258,225
2_png.rf.4ca79391729e7d65e11b98540c9987e1.jpg,640,640,Sehat,59,249,99,307
2_png.rf.4ca79391729e7d65e11b98540c9987e1.jpg,640,640,Sehat,93,215,142,274
2_png.rf.4ca79391729e7d65e11b98540c9987e1.jpg,640,640,Sehat,71,326,121,381
2_png.rf.4ca79391729e7d65e11b98540c9987e1.jpg,640,640,Sehat,100,320,134,367
2_png.rf.4ca79391729e7d65e11b98540c9987e1.jpg,640,640,Sehat,173,289,213,356
2_png.rf.4ca79391729e7d65e11b98540c9987e1.jpg,640,640,Tidak Sehat,130,212,173,261
2_png.rf.4ca79391729e7d65e11b98540c9987e1.jpg,640,640,Sehat,133,261,179,311
2_png.rf.4ca79391729e7d65e11b98540c9987e1.jpg,640,640,Sehat,133,307,171,373
2_png.rf.4ca79391729e7d65e11b98540c9987e1.jpg,640,640,Sehat,211,17,241,61
2_png.rf.4ca79391729e7d65e11b98540c9987e1.jpg,640,640,Sehat,236,9,265,48
2_png.rf.4ca79391729e7d65e11b98540c9987e1.jpg,640,640,Sehat,254,2,286,41
2_png.rf.4ca79391729e7d65e11b98540c9987e1.jpg,640,640,Sehat,288,25,322,68
2_png.rf.4ca79391729e7d65e11b98540c9987e1.jpg,640,640,Tidak Sehat,347,13,363,44
2_png.rf.4ca79391729e7d65e11b98540c9987e1.jpg,640,640,Tidak Sehat,235,562,260,605
2_png.rf.4ca79391729e7d65e11b98540c9987e1.jpg,640,640,Tidak Sehat,260,564,287,596
2_png.rf.4ca79391729e7d65e11b98540c9987e1.jpg,640,640,Sehat,112,533,159,585
2_png.rf.4ca79391729e7d65e11b98540c9987e1.jpg,640,640,Sehat,108,503,138,544
2_png.rf.4ca79391729e7d65e11b98540c9987e1.jpg,640,640,Sehat,87,470,114,517
2_png.rf.4ca79391729e7d65e11b98540c9987e1.jpg,640,640,Tidak Sehat,66,425,105,470
2_png.rf.4ca79391729e7d65e11b98540c9987e1.jpg,640,640,Tidak Sehat,95,418,125,455
2_png.rf.4ca79391729e7d65e11b98540c9987e1.jpg,640,640,Sehat,109,455,139,498
2_png.rf.4ca79391729e7d65e11b98540c9987e1.jpg,640,640,Sehat,129,450,158,487
2_png.rf.4ca79391729e7d65e11b98540c9987e1.jpg,640,640,Sehat,153,435,183,481
2_png.rf.4ca79391729e7d65e11b98540c9987e1.jpg,640,640,Sehat,135,500,168,537
2_png.rf.4ca79391729e7d65e11b98540c9987e1.jpg,640,640,Sehat,151,479,189,528
2_png.rf.4ca79391729e7d65e11b98540c9987e1.jpg,640,640,Sehat,115,400,148,448
2_png.rf.4ca79391729e7d65e11b98540c9987e1.jpg,640,640,Sehat,139,387,172,438
2_png.rf.4ca79391729e7d65e11b98540c9987e1.jpg,640,640,Tidak Sehat,171,374,191,423
2_png.rf.4ca79391729e7d65e11b98540c9987e1.jpg,640,640,Sehat,186,363,220,413
2_png.rf.4ca79391729e7d65e11b98540c9987e1.jpg,640,640,Sehat,217,348,243,410
2_png.rf.4ca79391729e7d65e11b98540c9987e1.jpg,640,640,Sehat,237,350,281,388
2_png.rf.4ca79391729e7d65e11b98540c9987e1.jpg,640,640,Sehat,177,415,213,470
2_png.rf.4ca79391729e7d65e11b98540c9987e1.jpg,640,640,Tidak Sehat,206,414,227,454
2_png.rf.4ca79391729e7d65e11b98540c9987e1.jpg,640,640,Sehat,225,406,251,453
2_png.rf.4ca79391729e7d65e11b98540c9987e1.jpg,640,640,Sehat,248,390,278,436
2_png.rf.4ca79391729e7d65e11b98540c9987e1.jpg,640,640,Tidak Sehat,270,380,300,412
2_png.rf.4ca79391729e7d65e11b98540c9987e1.jpg,640,640,Tidak Sehat,453,389,474,423
2_png.rf.4ca79391729e7d65e11b98540c9987e1.jpg,640,640,Sehat,173,472,208,510
2_png.rf.4ca79391729e7d65e11b98540c9987e1.jpg,640,640,Sehat,202,465,229,494
2_png.rf.4ca79391729e7d65e11b98540c9987e1.jpg,640,640,Sehat,193,511,221,557
2_png.rf.4ca79391729e7d65e11b98540c9987e1.jpg,640,640,Sehat,206,499,241,551
2_png.rf.4ca79391729e7d65e11b98540c9987e1.jpg,640,640,Sehat,232,483,267,527
2_png.rf.4ca79391729e7d65e11b98540c9987e1.jpg,640,640,Sehat,218,449,258,487
2_png.rf.4ca79391729e7d65e11b98540c9987e1.jpg,640,640,Sehat,250,428,280,477
2_png.rf.4ca79391729e7d65e11b98540c9987e1.jpg,640,640,Sehat,256,469,292,516
2_png.rf.4ca79391729e7d65e11b98540c9987e1.jpg,640,640,Sehat,282,459,307,512
2_png.rf.4ca79391729e7d65e11b98540c9987e1.jpg,640,640,Sehat,270,422,308,474
2_png.rf.4ca79391729e7d65e11b98540c9987e1.jpg,640,640,Sehat,319,405,353,448
2_png.rf.4ca79391729e7d65e11b98540c9987e1.jpg,640,640,Sehat,293,411,335,460
2_png.rf.4ca79391729e7d65e11b98540c9987e1.jpg,640,640,Sehat,350,421,392,487
2_png.rf.4ca79391729e7d65e11b98540c9987e1.jpg,640,640,Sehat,303,451,344,508
2_png.rf.4ca79391729e7d65e11b98540c9987e1.jpg,640,640,Tidak Sehat,576,344,596,371
2_png.rf.4ca79391729e7d65e11b98540c9987e1.jpg,640,640,Tidak Sehat,540,351,572,383
2_png.rf.4ca79391729e7d65e11b98540c9987e1.jpg,640,640,Tidak Sehat,555,245,587,287
2_png.rf.4ca79391729e7d65e11b98540c9987e1.jpg,640,640,Tidak Sehat,551,211,572,248
2_png.rf.4ca79391729e7d65e11b98540c9987e1.jpg,640,640,Tidak Sehat,618,497,640,532
2_png.rf.4ca79391729e7d65e11b98540c9987e1.jpg,640,640,Tidak Sehat,621,614,640,640
2_png.rf.4ca79391729e7d65e11b98540c9987e1.jpg,640,640,Tidak Sehat,592,562,606,594
2_png.rf.4ca79391729e7d65e11b98540c9987e1.jpg,640,640,Tidak Sehat,606,560,632,588
2_png.rf.4ca79391729e7d65e11b98540c9987e1.jpg,640,640,Tidak Sehat,562,568,587,598
2_png.rf.4ca79391729e7d65e11b98540c9987e1.jpg,640,640,Sehat,286,0,313,29
2_png.rf.4ca79391729e7d65e11b98540c9987e1.jpg,640,640,Sehat,309,87,345,133
2_png.rf.4ca79391729e7d65e11b98540c9987e1.jpg,640,640,Sehat,245,165,283,207
2_png.rf.4ca79391729e7d65e11b98540c9987e1.jpg,640,640,Sehat,279,157,306,202
2_png.rf.4ca79391729e7d65e11b98540c9987e1.jpg,640,640,Sehat,295,144,326,188
2_png.rf.4ca79391729e7d65e11b98540c9987e1.jpg,640,640,Sehat,184,245,220,297
2_png.rf.4ca79391729e7d65e11b98540c9987e1.jpg,640,640,Sehat,201,224,245,280
2_png.rf.4ca79391729e7d65e11b98540c9987e1.jpg,640,640,Sehat,223,279,251,328
2_png.rf.4ca79391729e7d65e11b98540c9987e1.jpg,640,640,Sehat,246,272,275,318
2_png.rf.4ca79391729e7d65e11b98540c9987e1.jpg,640,640,Sehat,236,230,265,276
2_png.rf.4ca79391729e7d65e11b98540c9987e1.jpg,640,640,Sehat,253,214,287,259
2_png.rf.4ca79391729e7d65e11b98540c9987e1.jpg,640,640,Sehat,272,201,311,243
2_png.rf.4ca79391729e7d65e11b98540c9987e1.jpg,640,640,Sehat,267,256,303,308
2_png.rf.4ca79391729e7d65e11b98540c9987e1.jpg,640,640,Sehat,294,241,326,291
2_png.rf.4ca79391729e7d65e11b98540c9987e1.jpg,640,640,Sehat,317,224,357,277
2_png.rf.4ca79391729e7d65e11b98540c9987e1.jpg,640,640,Sehat,484,100,517,151
2_png.rf.4ca79391729e7d65e11b98540c9987e1.jpg,640,640,Sehat,274,313,315,367
2_png.rf.4ca79391729e7d65e11b98540c9987e1.jpg,640,640,Sehat,310,306,336,356
2_png.rf.4ca79391729e7d65e11b98540c9987e1.jpg,640,640,Sehat,328,297,357,357
2_png.rf.4ca79391729e7d65e11b98540c9987e1.jpg,640,640,Tidak Sehat,363,291,386,335
2_png.rf.4ca79391729e7d65e11b98540c9987e1.jpg,640,640,Tidak Sehat,298,375,316,399
2_png.rf.4ca79391729e7d65e11b98540c9987e1.jpg,640,640,Sehat,311,361,347,409
2_png.rf.4ca79391729e7d65e11b98540c9987e1.jpg,640,640,Tidak Sehat,344,353,367,378
2_png.rf.4ca79391729e7d65e11b98540c9987e1.jpg,640,640,Tidak Sehat,416,366,435,393
2_png.rf.4ca79391729e7d65e11b98540c9987e1.jpg,640,640,Sehat,388,364,423,412
2_png.rf.4ca79391729e7d65e11b98540c9987e1.jpg,640,640,Sehat,378,277,411,328
2_png.rf.4ca79391729e7d65e11b98540c9987e1.jpg,640,640,Sehat,426,260,467,300
2_png.rf.4ca79391729e7d65e11b98540c9987e1.jpg,640,640,Sehat,509,43,550,92
2_png.rf.4ca79391729e7d65e11b98540c9987e1.jpg,640,640,Sehat,445,10,492,87
2_png.rf.4ca79391729e7d65e11b98540c9987e1.jpg,640,640,Sehat,475,274,511,325
2_png.rf.4ca79391729e7d65e11b98540c9987e1.jpg,640,640,Tidak Sehat,461,235,499,276
2_png.rf.4ca79391729e7d65e11b98540c9987e1.jpg,640,640,Sehat,495,219,528,270
2_png.rf.4ca79391729e7d65e11b98540c9987e1.jpg,640,640,Sehat,518,213,552,258
2_png.rf.4ca79391729e7d65e11b98540c9987e1.jpg,640,640,Tidak Sehat,538,263,561,301
2_png.rf.4ca79391729e7d65e11b98540c9987e1.jpg,640,640,Tidak Sehat,555,298,588,332
2_png.rf.4ca79391729e7d65e11b98540c9987e1.jpg,640,640,Sehat,497,306,533,369
2_png.rf.4ca79391729e7d65e11b98540c9987e1.jpg,640,640,Tidak Sehat,506,361,548,394
2_png.rf.4ca79391729e7d65e11b98540c9987e1.jpg,640,640,Sehat,536,309,565,358
2_png.rf.4ca79391729e7d65e11b98540c9987e1.jpg,640,640,Sehat,509,262,540,305
2_png.rf.4ca79391729e7d65e11b98540c9987e1.jpg,640,640,Sehat,311,130,354,183
2_png.rf.4ca79391729e7d65e11b98540c9987e1.jpg,640,640,Sehat,341,124,387,169
2_png.rf.4ca79391729e7d65e11b98540c9987e1.jpg,640,640,Sehat,329,183,357,232
2_png.rf.4ca79391729e7d65e11b98540c9987e1.jpg,640,640,Sehat,305,185,334,232
2_png.rf.4ca79391729e7d65e11b98540c9987e1.jpg,640,640,Sehat,392,112,422,150
2_png.rf.4ca79391729e7d65e11b98540c9987e1.jpg,640,640,Sehat,377,58,418,108
2_png.rf.4ca79391729e7d65e11b98540c9987e1.jpg,640,640,Sehat,414,92,446,142
2_png.rf.4ca79391729e7d65e11b98540c9987e1.jpg,640,640,Sehat,372,164,399,210
2_png.rf.4ca79391729e7d65e11b98540c9987e1.jpg,640,640,Sehat,352,175,382,216
2_png.rf.4ca79391729e7d65e11b98540c9987e1.jpg,640,640,Tidak Sehat,364,210,396,263
2_png.rf.4ca79391729e7d65e11b98540c9987e1.jpg,640,640,Sehat,385,204,414,247
2_png.rf.4ca79391729e7d65e11b98540c9987e1.jpg,640,640,Sehat,405,186,437,239
2_png.rf.4ca79391729e7d65e11b98540c9987e1.jpg,640,640,Sehat,394,146,431,188
2_png.rf.4ca79391729e7d65e11b98540c9987e1.jpg,640,640,Sehat,425,132,453,175
2_png.rf.4ca79391729e7d65e11b98540c9987e1.jpg,640,640,Sehat,443,122,471,164
2_png.rf.4ca79391729e7d65e11b98540c9987e1.jpg,640,640,Sehat,433,177,466,228
2_png.rf.4ca79391729e7d65e11b98540c9987e1.jpg,640,640,Sehat,490,143,540,192
2_png.rf.4ca79391729e7d65e11b98540c9987e1.jpg,640,640,Tidak Sehat,362,323,397,381
2_png.rf.4ca79391729e7d65e11b98540c9987e1.jpg,640,640,Sehat,393,330,418,363
2_png.rf.4ca79391729e7d65e11b98540c9987e1.jpg,640,640,Sehat,414,310,445,359
2_png.rf.4ca79391729e7d65e11b98540c9987e1.jpg,640,640,Sehat,434,299,476,344
2_png.rf.4ca79391729e7d65e11b98540c9987e1.jpg,640,640,Sehat,427,343,476,393
2_png.rf.4ca79391729e7d65e11b98540c9987e1.jpg,640,640,Sehat,359,377,394,427
2_png.rf.4ca79391729e7d65e11b98540c9987e1.jpg,640,640,Sehat,381,418,411,461
2_png.rf.4ca79391729e7d65e11b98540c9987e1.jpg,640,640,Sehat,406,411,434,460
2_png.rf.4ca79391729e7d65e11b98540c9987e1.jpg,640,640,Sehat,428,394,457,444
2_png.rf.4ca79391729e7d65e11b98540c9987e1.jpg,640,640,Sehat,559,21,583,62
2_png.rf.4ca79391729e7d65e11b98540c9987e1.jpg,640,640,Sehat,588,14,610,50
2_png.rf.4ca79391729e7d65e11b98540c9987e1.jpg,640,640,Sehat,565,63,605,104
2_png.rf.4ca79391729e7d65e11b98540c9987e1.jpg,640,640,Sehat,599,54,621,91
2_png.rf.4ca79391729e7d65e11b98540c9987e1.jpg,640,640,Sehat,585,103,611,149
2_png.rf.4ca79391729e7d65e11b98540c9987e1.jpg,640,640,Sehat,602,86,637,135
2_png.rf.4ca79391729e7d65e11b98540c9987e1.jpg,640,640,Sehat,606,7,635,46
2_png.rf.4ca79391729e7d65e11b98540c9987e1.jpg,640,640,Sehat,621,45,640,85
2_png.rf.4ca79391729e7d65e11b98540c9987e1.jpg,640,640,Sehat,607,218,632,265
2_png.rf.4ca79391729e7d65e11b98540c9987e1.jpg,640,640,Tidak Sehat,623,257,640,292
2_png.rf.4ca79391729e7d65e11b98540c9987e1.jpg,640,640,Sehat,162,597,195,640
2_png.rf.4ca79391729e7d65e11b98540c9987e1.jpg,640,640,Sehat,139,604,166,640
2_png.rf.4ca79391729e7d65e11b98540c9987e1.jpg,640,640,Sehat,188,592,217,631
2_png.rf.4ca79391729e7d65e11b98540c9987e1.jpg,640,640,Sehat,210,583,243,626
2_png.rf.4ca79391729e7d65e11b98540c9987e1.jpg,640,640,Tidak Sehat,291,550,307,583
2_png.rf.4ca79391729e7d65e11b98540c9987e1.jpg,640,640,Sehat,304,527,331,574
2_png.rf.4ca79391729e7d65e11b98540c9987e1.jpg,640,640,Sehat,335,517,360,573
2_png.rf.4ca79391729e7d65e11b98540c9987e1.jpg,640,640,Sehat,347,510,381,553
2_png.rf.4ca79391729e7d65e11b98540c9987e1.jpg,640,640,Sehat,377,509,404,542
2_png.rf.4ca79391729e7d65e11b98540c9987e1.jpg,640,640,Sehat,400,478,432,531
2_png.rf.4ca79391729e7d65e11b98540c9987e1.jpg,640,640,Sehat,426,485,452,523
2_png.rf.4ca79391729e7d65e11b98540c9987e1.jpg,640,640,Sehat,445,456,486,519
2_png.rf.4ca79391729e7d65e11b98540c9987e1.jpg,640,640,Sehat,304,572,349,617
2_png.rf.4ca79391729e7d65e11b98540c9987e1.jpg,640,640,Sehat,263,594,306,640
2_png.rf.4ca79391729e7d65e11b98540c9987e1.jpg,640,640,Sehat,358,554,391,602
2_png.rf.4ca79391729e7d65e11b98540c9987e1.jpg,640,640,Sehat,383,550,423,589
2_png.rf.4ca79391729e7d65e11b98540c9987e1.jpg,640,640,Sehat,412,533,445,573
2_png.rf.4ca79391729e7d65e11b98540c9987e1.jpg,640,640,Sehat,428,521,458,560
2_png.rf.4ca79391729e7d65e11b98540c9987e1.jpg,640,640,Sehat,375,595,411,635
2_png.rf.4ca79391729e7d65e11b98540c9987e1.jpg,640,640,Sehat,410,573,439,615
2_png.rf.4ca79391729e7d65e11b98540c9987e1.jpg,640,640,Sehat,428,568,464,605
2_png.rf.4ca79391729e7d65e11b98540c9987e1.jpg,640,640,Sehat,456,561,490,601
2_png.rf.4ca79391729e7d65e11b98540c9987e1.jpg,640,640,Sehat,482,545,516,592
2_png.rf.4ca79391729e7d65e11b98540c9987e1.jpg,640,640,Sehat,454,512,491,545
2_png.rf.4ca79391729e7d65e11b98540c9987e1.jpg,640,640,Sehat,492,449,523,492
2_png.rf.4ca79391729e7d65e11b98540c9987e1.jpg,640,640,Sehat,515,423,541,473
2_png.rf.4ca79391729e7d65e11b98540c9987e1.jpg,640,640,Sehat,531,426,579,476
2_png.rf.4ca79391729e7d65e11b98540c9987e1.jpg,640,640,Tidak Sehat,600,443,622,483
2_png.rf.4ca79391729e7d65e11b98540c9987e1.jpg,640,640,Tidak Sehat,600,509,627,545
2_png.rf.4ca79391729e7d65e11b98540c9987e1.jpg,640,640,Sehat,573,510,602,566
2_png.rf.4ca79391729e7d65e11b98540c9987e1.jpg,640,640,Sehat,551,464,581,520
2_png.rf.4ca79391729e7d65e11b98540c9987e1.jpg,640,640,Sehat,570,451,616,501
2_png.rf.4ca79391729e7d65e11b98540c9987e1.jpg,640,640,Sehat,498,489,537,528
2_png.rf.4ca79391729e7d65e11b98540c9987e1.jpg,640,640,Sehat,526,478,558,533
2_png.rf.4ca79391729e7d65e11b98540c9987e1.jpg,640,640,Sehat,499,543,537,585
2_png.rf.4ca79391729e7d65e11b98540c9987e1.jpg,640,640,Sehat,529,536,550,571
2_png.rf.4ca79391729e7d65e11b98540c9987e1.jpg,640,640,Sehat,543,522,576,565
2_png.rf.4ca79391729e7d65e11b98540c9987e1.jpg,640,640,Sehat,439,610,478,640
2_png.rf.4ca79391729e7d65e11b98540c9987e1.jpg,640,640,Sehat,471,597,495,640
2_png.rf.4ca79391729e7d65e11b98540c9987e1.jpg,640,640,Sehat,488,586,522,640
2_png.rf.4ca79391729e7d65e11b98540c9987e1.jpg,640,640,Sehat,515,583,547,628
2_png.rf.4ca79391729e7d65e11b98540c9987e1.jpg,640,640,Sehat,538,572,571,617
kubis-10_PNG.rf.3284332fe498ac39824ff6351a483058.jpg,640,640,Tidak Sehat,305,297,352,356
kubis-10_PNG.rf.3284332fe498ac39824ff6351a483058.jpg,640,640,Tidak Sehat,273,190,328,255
kubis-10_PNG.rf.3284332fe498ac39824ff6351a483058.jpg,640,640,Tidak Sehat,57,275,101,321
kubis-10_PNG.rf.3284332fe498ac39824ff6351a483058.jpg,640,640,Tidak Sehat,104,229,150,278
kubis-10_PNG.rf.3284332fe498ac39824ff6351a483058.jpg,640,640,Tidak Sehat,171,223,214,260
kubis-10_PNG.rf.3284332fe498ac39824ff6351a483058.jpg,640,640,Tidak Sehat,146,106,187,155
kubis-10_PNG.rf.3284332fe498ac39824ff6351a483058.jpg,640,640,Tidak Sehat,93,499,119,540
kubis-10_PNG.rf.3284332fe498ac39824ff6351a483058.jpg,640,640,Tidak Sehat,111,553,148,602
kubis-10_PNG.rf.3284332fe498ac39824ff6351a483058.jpg,640,640,Tidak Sehat,181,559,229,593
kubis-10_PNG.rf.3284332fe498ac39824ff6351a483058.jpg,640,640,Tidak Sehat,254,523,286,576
kubis-10_PNG.rf.3284332fe498ac39824ff6351a483058.jpg,640,640,Tidak Sehat,565,504,628,567
kubis-10_PNG.rf.3284332fe498ac39824ff6351a483058.jpg,640,640,Sehat,324,165,405,246
kubis-10_PNG.rf.3284332fe498ac39824ff6351a483058.jpg,640,640,Tidak Sehat,327,136,374,165
kubis-10_PNG.rf.3284332fe498ac39824ff6351a483058.jpg,640,640,Tidak Sehat,361,284,425,335
kubis-10_PNG.rf.3284332fe498ac39824ff6351a483058.jpg,640,640,Tidak Sehat,325,393,389,462
kubis-10_PNG.rf.3284332fe498ac39824ff6351a483058.jpg,640,640,Tidak Sehat,361,501,411,573
kubis-10_PNG.rf.3284332fe498ac39824ff6351a483058.jpg,640,640,Tidak Sehat,347,448,403,511
kubis-10_PNG.rf.3284332fe498ac39824ff6351a483058.jpg,640,640,Tidak Sehat,474,452,532,499
kubis-10_PNG.rf.3284332fe498ac39824ff6351a483058.jpg,640,640,Tidak Sehat,481,414,539,461
kubis-10_PNG.rf.3284332fe498ac39824ff6351a483058.jpg,640,640,Sehat,526,374,618,463
kubis-10_PNG.rf.3284332fe498ac39824ff6351a483058.jpg,640,640,Tidak Sehat,541,349,577,383
kubis-10_PNG.rf.3284332fe498ac39824ff6351a483058.jpg,640,640,Tidak Sehat,62,328,106,378
kubis-10_PNG.rf.3284332fe498ac39824ff6351a483058.jpg,640,640,Tidak Sehat,68,392,117,456
kubis-10_PNG.rf.3284332fe498ac39824ff6351a483058.jpg,640,640,Tidak Sehat,56,245,82,278
kubis-10_PNG.rf.3284332fe498ac39824ff6351a483058.jpg,640,640,Sehat,381,361,458,446
kubis-10_PNG.rf.3284332fe498ac39824ff6351a483058.jpg,640,640,Tidak Sehat,384,336,437,369
kubis-10_PNG.rf.3284332fe498ac39824ff6351a483058.jpg,640,640,Tidak Sehat,399,433,462,485
kubis-10_PNG.rf.3284332fe498ac39824ff6351a483058.jpg,640,640,Sehat,441,59,533,126
kubis-10_PNG.rf.3284332fe498ac39824ff6351a483058.jpg,640,640,Tidak Sehat,455,23,511,62
kubis-10_PNG.rf.3284332fe498ac39824ff6351a483058.jpg,640,640,Tidak Sehat,410,139,453,216
kubis-10_PNG.rf.3284332fe498ac39824ff6351a483058.jpg,640,640,Tidak Sehat,285,0,348,63
kubis-10_PNG.rf.3284332fe498ac39824ff6351a483058.jpg,640,640,Tidak Sehat,130,29,198,110
kubis-10_PNG.rf.3284332fe498ac39824ff6351a483058.jpg,640,640,Tidak Sehat,141,154,229,211
kubis-10_PNG.rf.3284332fe498ac39824ff6351a483058.jpg,640,640,Tidak Sehat,24,163,73,230
kubis-10_PNG.rf.3284332fe498ac39824ff6351a483058.jpg,640,640,Tidak Sehat,100,303,190,396
kubis-10_PNG.rf.3284332fe498ac39824ff6351a483058.jpg,640,640,Tidak Sehat,194,355,257,419
kubis-10_PNG.rf.3284332fe498ac39824ff6351a483058.jpg,640,640,Tidak Sehat,138,488,228,555
kubis-10_PNG.rf.3284332fe498ac39824ff6351a483058.jpg,640,640,Tidak Sehat,550,452,609,497
kubis-10_PNG.rf.3284332fe498ac39824ff6351a483058.jpg,640,640,Tidak Sehat,441,574,513,640
kubis-10_PNG.rf.3284332fe498ac39824ff6351a483058.jpg,640,640,Tidak Sehat,490,505,570,586
kubis-10_PNG.rf.3284332fe498ac39824ff6351a483058.jpg,640,640,Tidak Sehat,407,487,479,544
kubis-10_PNG.rf.3284332fe498ac39824ff6351a483058.jpg,640,640,Sehat,56,91,145,185
kubis-10_PNG.rf.3284332fe498ac39824ff6351a483058.jpg,640,640,Tidak Sehat,49,43,127,114
kubis-10_PNG.rf.3284332fe498ac39824ff6351a483058.jpg,640,640,Tidak Sehat,495,223,577,304
kubis-10_PNG.rf.3284332fe498ac39824ff6351a483058.jpg,640,640,Sehat,501,236,581,305
kubis-10_PNG.rf.3284332fe498ac39824ff6351a483058.jpg,640,640,Sehat,416,195,478,271
kubis-10_PNG.rf.3284332fe498ac39824ff6351a483058.jpg,640,640,Sehat,131,434,208,500
kubis-10_PNG.rf.3284332fe498ac39824ff6351a483058.jpg,640,640,Sehat,429,266,508,339
kubis-10_PNG.rf.3284332fe498ac39824ff6351a483058.jpg,640,640,Tidak Sehat,215,76,311,178
kubis-10_PNG.rf.3284332fe498ac39824ff6351a483058.jpg,640,640,Sehat,212,35,318,96
kubis-10_PNG.rf.3284332fe498ac39824ff6351a483058.jpg,640,640,Sehat,545,1,640,79
kubis-10_PNG.rf.3284332fe498ac39824ff6351a483058.jpg,640,640,Sehat,462,101,544,198
kubis-10_PNG.rf.3284332fe498ac39824ff6351a483058.jpg,640,640,Sehat,468,183,560,236
kubis-10_PNG.rf.3284332fe498ac39824ff6351a483058.jpg,640,640,Tidak Sehat,302,66,369,138
kubis-10_PNG.rf.3284332fe498ac39824ff6351a483058.jpg,640,640,Tidak Sehat,561,69,640,134
kubis-10_PNG.rf.3284332fe498ac39824ff6351a483058.jpg,640,640,Tidak Sehat,593,109,640,183
kubis-10_PNG.rf.3284332fe498ac39824ff6351a483058.jpg,640,640,Tidak Sehat,592,170,640,252
kubis-10_PNG.rf.3284332fe498ac39824ff6351a483058.jpg,640,640,Tidak Sehat,353,11,462,135
kubis-10_PNG.rf.3284332fe498ac39824ff6351a483058.jpg,640,640,Tidak Sehat,205,412,279,476
kubis-10_PNG.rf.3284332fe498ac39824ff6351a483058.jpg,640,640,Tidak Sehat,222,456,287,526
kubis-10_PNG.rf.3284332fe498ac39824ff6351a483058.jpg,640,640,Tidak Sehat,462,349,536,427
kubis-10_PNG.rf.3284332fe498ac39824ff6351a483058.jpg,640,640,Sehat,198,0,284,61
kubis-10_PNG.rf.3284332fe498ac39824ff6351a483058.jpg,640,640,Sehat,110,372,203,458
kubis-7_png.rf.a8c36cdaf894715a6939cf2bd4eb447b.jpg,640,640,Tidak Sehat,265,30,285,44
kubis-7_png.rf.a8c36cdaf894715a6939cf2bd4eb447b.jpg,640,640,Tidak Sehat,243,123,254,140
kubis-7_png.rf.a8c36cdaf894715a6939cf2bd4eb447b.jpg,640,640,Tidak Sehat,254,101,267,115
kubis-7_png.rf.a8c36cdaf894715a6939cf2bd4eb447b.jpg,640,640,Tidak Sehat,253,82,264,93
kubis-7_png.rf.a8c36cdaf894715a6939cf2bd4eb447b.jpg,640,640,Tidak Sehat,278,86,296,107
kubis-7_png.rf.a8c36cdaf894715a6939cf2bd4eb447b.jpg,640,640,Tidak Sehat,192,203,214,224
kubis-7_png.rf.a8c36cdaf894715a6939cf2bd4eb447b.jpg,640,640,Tidak Sehat,112,180,135,203
kubis-7_png.rf.a8c36cdaf894715a6939cf2bd4eb447b.jpg,640,640,Tidak Sehat,110,161,126,183
kubis-7_png.rf.a8c36cdaf894715a6939cf2bd4eb447b.jpg,640,640,Tidak Sehat,147,130,169,155
kubis-7_png.rf.a8c36cdaf894715a6939cf2bd4eb447b.jpg,640,640,Tidak Sehat,147,205,166,233
kubis-7_png.rf.a8c36cdaf894715a6939cf2bd4eb447b.jpg,640,640,Tidak Sehat,171,208,192,237
kubis-7_png.rf.a8c36cdaf894715a6939cf2bd4eb447b.jpg,640,640,Tidak Sehat,119,212,145,240
kubis-7_png.rf.a8c36cdaf894715a6939cf2bd4eb447b.jpg,640,640,Tidak Sehat,128,238,150,261
kubis-7_png.rf.a8c36cdaf894715a6939cf2bd4eb447b.jpg,640,640,Tidak Sehat,139,297,162,322
kubis-7_png.rf.a8c36cdaf894715a6939cf2bd4eb447b.jpg,640,640,Tidak Sehat,139,275,161,296
kubis-7_png.rf.a8c36cdaf894715a6939cf2bd4eb447b.jpg,640,640,Tidak Sehat,161,267,181,290
kubis-7_png.rf.a8c36cdaf894715a6939cf2bd4eb447b.jpg,640,640,Tidak Sehat,180,332,193,345
kubis-7_png.rf.a8c36cdaf894715a6939cf2bd4eb447b.jpg,640,640,Tidak Sehat,182,352,194,363
kubis-7_png.rf.a8c36cdaf894715a6939cf2bd4eb447b.jpg,640,640,Tidak Sehat,149,338,174,365
kubis-7_png.rf.a8c36cdaf894715a6939cf2bd4eb447b.jpg,640,640,Tidak Sehat,151,319,168,336
kubis-7_png.rf.a8c36cdaf894715a6939cf2bd4eb447b.jpg,640,640,Tidak Sehat,260,249,274,259
kubis-7_png.rf.a8c36cdaf894715a6939cf2bd4eb447b.jpg,640,640,Tidak Sehat,268,259,281,276
kubis-7_png.rf.a8c36cdaf894715a6939cf2bd4eb447b.jpg,640,640,Tidak Sehat,15,266,40,311
kubis-7_png.rf.a8c36cdaf894715a6939cf2bd4eb447b.jpg,640,640,Tidak Sehat,12,251,30,267
kubis-7_png.rf.a8c36cdaf894715a6939cf2bd4eb447b.jpg,640,640,Tidak Sehat,10,235,30,250
kubis-7_png.rf.a8c36cdaf894715a6939cf2bd4eb447b.jpg,640,640,Tidak Sehat,1,189,24,232
kubis-7_png.rf.a8c36cdaf894715a6939cf2bd4eb447b.jpg,640,640,Tidak Sehat,1,176,10,190
kubis-7_png.rf.a8c36cdaf894715a6939cf2bd4eb447b.jpg,640,640,Tidak Sehat,31,313,46,332
kubis-7_png.rf.a8c36cdaf894715a6939cf2bd4eb447b.jpg,640,640,Tidak Sehat,30,347,52,367
kubis-7_png.rf.a8c36cdaf894715a6939cf2bd4eb447b.jpg,640,640,Tidak Sehat,29,332,47,347
kubis-7_png.rf.a8c36cdaf894715a6939cf2bd4eb447b.jpg,640,640,Tidak Sehat,330,60,354,83
kubis-7_png.rf.a8c36cdaf894715a6939cf2bd4eb447b.jpg,640,640,Tidak Sehat,327,47,341,61
kubis-7_png.rf.a8c36cdaf894715a6939cf2bd4eb447b.jpg,640,640,Tidak Sehat,324,8,339,23
kubis-7_png.rf.a8c36cdaf894715a6939cf2bd4eb447b.jpg,640,640,Tidak Sehat,30,120,48,137
kubis-7_png.rf.a8c36cdaf894715a6939cf2bd4eb447b.jpg,640,640,Tidak Sehat,17,77,34,89
kubis-7_png.rf.a8c36cdaf894715a6939cf2bd4eb447b.jpg,640,640,Sehat,39,87,66,108
kubis-7_png.rf.a8c36cdaf894715a6939cf2bd4eb447b.jpg,640,640,Tidak Sehat,41,75,58,86
kubis-7_png.rf.a8c36cdaf894715a6939cf2bd4eb447b.jpg,640,640,Tidak Sehat,40,263,59,289
kubis-7_png.rf.a8c36cdaf894715a6939cf2bd4eb447b.jpg,640,640,Tidak Sehat,169,311,188,332
kubis-7_png.rf.a8c36cdaf894715a6939cf2bd4eb447b.jpg,640,640,Tidak Sehat,164,291,183,310
kubis-7_png.rf.a8c36cdaf894715a6939cf2bd4eb447b.jpg,640,640,Tidak Sehat,72,213,94,231
kubis-7_png.rf.a8c36cdaf894715a6939cf2bd4eb447b.jpg,640,640,Tidak Sehat,69,191,93,214
kubis-7_png.rf.a8c36cdaf894715a6939cf2bd4eb447b.jpg,640,640,Sehat,55,141,81,170
kubis-7_png.rf.a8c36cdaf894715a6939cf2bd4eb447b.jpg,640,640,Sehat,32,148,59,173
kubis-7_png.rf.a8c36cdaf894715a6939cf2bd4eb447b.jpg,640,640,Sehat,18,177,46,214
kubis-7_png.rf.a8c36cdaf894715a6939cf2bd4eb447b.jpg,640,640,Tidak Sehat,47,200,70,219
kubis-7_png.rf.a8c36cdaf894715a6939cf2bd4eb447b.jpg,640,640,Sehat,27,219,58,249
kubis-7_png.rf.a8c36cdaf894715a6939cf2bd4eb447b.jpg,640,640,Sehat,61,229,79,255
kubis-7_png.rf.a8c36cdaf894715a6939cf2bd4eb447b.jpg,640,640,Sehat,58,273,92,298
kubis-7_png.rf.a8c36cdaf894715a6939cf2bd4eb447b.jpg,640,640,Sehat,44,300,71,322
kubis-7_png.rf.a8c36cdaf894715a6939cf2bd4eb447b.jpg,640,640,Sehat,48,323,74,364
kubis-7_png.rf.a8c36cdaf894715a6939cf2bd4eb447b.jpg,640,640,Sehat,73,336,109,365
kubis-7_png.rf.a8c36cdaf894715a6939cf2bd4eb447b.jpg,640,640,Sehat,68,294,93,321
kubis-7_png.rf.a8c36cdaf894715a6939cf2bd4eb447b.jpg,640,640,Sehat,92,310,123,333
kubis-7_png.rf.a8c36cdaf894715a6939cf2bd4eb447b.jpg,640,640,Sehat,199,242,228,263
kubis-7_png.rf.a8c36cdaf894715a6939cf2bd4eb447b.jpg,640,640,Sehat,213,304,240,336
kubis-7_png.rf.a8c36cdaf894715a6939cf2bd4eb447b.jpg,640,640,Sehat,250,190,277,233
kubis-7_png.rf.a8c36cdaf894715a6939cf2bd4eb447b.jpg,640,640,Sehat,223,188,250,223
kubis-7_png.rf.a8c36cdaf894715a6939cf2bd4eb447b.jpg,640,640,Sehat,232,226,256,253
kubis-7_png.rf.a8c36cdaf894715a6939cf2bd4eb447b.jpg,640,640,Sehat,257,131,283,157
kubis-7_png.rf.a8c36cdaf894715a6939cf2bd4eb447b.jpg,640,640,Sehat,75,44,99,66
kubis-7_png.rf.a8c36cdaf894715a6939cf2bd4eb447b.jpg,640,640,Sehat,72,48,101,63
kubis-7_png.rf.a8c36cdaf894715a6939cf2bd4eb447b.jpg,640,640,Sehat,33,48,58,71
kubis-7_png.rf.a8c36cdaf894715a6939cf2bd4eb447b.jpg,640,640,Sehat,26,25,59,46
kubis-7_png.rf.a8c36cdaf894715a6939cf2bd4eb447b.jpg,640,640,Tidak Sehat,214,39,236,62
kubis-7_png.rf.a8c36cdaf894715a6939cf2bd4eb447b.jpg,640,640,Tidak Sehat,190,44,212,67
kubis-7_png.rf.a8c36cdaf894715a6939cf2bd4eb447b.jpg,640,640,Tidak Sehat,234,17,261,38
kubis-7_png.rf.a8c36cdaf894715a6939cf2bd4eb447b.jpg,640,640,Tidak Sehat,202,0,226,15
kubis-7_png.rf.a8c36cdaf894715a6939cf2bd4eb447b.jpg,640,640,Sehat,86,87,111,117
kubis-7_png.rf.a8c36cdaf894715a6939cf2bd4eb447b.jpg,640,640,Sehat,82,62,102,87
kubis-7_png.rf.a8c36cdaf894715a6939cf2bd4eb447b.jpg,640,640,Sehat,106,60,126,77
kubis-7_png.rf.a8c36cdaf894715a6939cf2bd4eb447b.jpg,640,640,Sehat,129,55,153,88
kubis-7_png.rf.a8c36cdaf894715a6939cf2bd4eb447b.jpg,640,640,Sehat,68,5,93,26
kubis-7_png.rf.a8c36cdaf894715a6939cf2bd4eb447b.jpg,640,640,Sehat,142,13,169,40
kubis-7_png.rf.a8c36cdaf894715a6939cf2bd4eb447b.jpg,640,640,Sehat,159,98,180,122
kubis-7_png.rf.a8c36cdaf894715a6939cf2bd4eb447b.jpg,640,640,Sehat,169,122,194,142
kubis-7_png.rf.a8c36cdaf894715a6939cf2bd4eb447b.jpg,640,640,Sehat,175,0,203,24
kubis-7_png.rf.a8c36cdaf894715a6939cf2bd4eb447b.jpg,640,640,Tidak Sehat,75,25,93,47
kubis-7_png.rf.a8c36cdaf894715a6939cf2bd4eb447b.jpg,640,640,Tidak Sehat,10,47,33,79
kubis-7_png.rf.a8c36cdaf894715a6939cf2bd4eb447b.jpg,640,640,Tidak Sehat,7,17,23,39
kubis-7_png.rf.a8c36cdaf894715a6939cf2bd4eb447b.jpg,640,640,Tidak Sehat,0,87,22,128
kubis-7_png.rf.a8c36cdaf894715a6939cf2bd4eb447b.jpg,640,640,Tidak Sehat,0,68,11,88
kubis-7_png.rf.a8c36cdaf894715a6939cf2bd4eb447b.jpg,640,640,Tidak Sehat,201,90,223,116
kubis-7_png.rf.a8c36cdaf894715a6939cf2bd4eb447b.jpg,640,640,Sehat,209,117,238,155
kubis-7_png.rf.a8c36cdaf894715a6939cf2bd4eb447b.jpg,640,640,Tidak Sehat,218,168,248,190
kubis-7_png.rf.a8c36cdaf894715a6939cf2bd4eb447b.jpg,640,640,Tidak Sehat,219,154,235,170
kubis-7_png.rf.a8c36cdaf894715a6939cf2bd4eb447b.jpg,640,640,Tidak Sehat,193,313,211,335
kubis-7_png.rf.a8c36cdaf894715a6939cf2bd4eb447b.jpg,640,640,Tidak Sehat,186,291,208,310
kubis-7_png.rf.a8c36cdaf894715a6939cf2bd4eb447b.jpg,640,640,Tidak Sehat,210,286,235,300
kubis-7_png.rf.a8c36cdaf894715a6939cf2bd4eb447b.jpg,640,640,Tidak Sehat,234,253,258,278
kubis-7_png.rf.a8c36cdaf894715a6939cf2bd4eb447b.jpg,640,640,Tidak Sehat,249,309,276,334
kubis-7_png.rf.a8c36cdaf894715a6939cf2bd4eb447b.jpg,640,640,Tidak Sehat,241,280,267,305
kubis-7_png.rf.a8c36cdaf894715a6939cf2bd4eb447b.jpg,640,640,Tidak Sehat,268,67,292,89
kubis-7_png.rf.a8c36cdaf894715a6939cf2bd4eb447b.jpg,640,640,Tidak Sehat,388,57,408,86
kubis-7_png.rf.a8c36cdaf894715a6939cf2bd4eb447b.jpg,640,640,Tidak Sehat,384,41,405,61
kubis-7_png.rf.a8c36cdaf894715a6939cf2bd4eb447b.jpg,640,640,Tidak Sehat,379,22,398,42
kubis-7_png.rf.a8c36cdaf894715a6939cf2bd4eb447b.jpg,640,640,Tidak Sehat,80,229,99,250
kubis-7_png.rf.a8c36cdaf894715a6939cf2bd4eb447b.jpg,640,640,Tidak Sehat,86,269,104,288
kubis-7_png.rf.a8c36cdaf894715a6939cf2bd4eb447b.jpg,640,640,Tidak Sehat,76,320,93,337
kubis-7_png.rf.a8c36cdaf894715a6939cf2bd4eb447b.jpg,640,640,Tidak Sehat,48,323,74,366
kubis-7_png.rf.a8c36cdaf894715a6939cf2bd4eb447b.jpg,640,640,Tidak Sehat,32,249,55,266
kubis-7_png.rf.a8c36cdaf894715a6939cf2bd4eb447b.jpg,640,640,Sehat,122,146,152,179
kubis-7_png.rf.a8c36cdaf894715a6939cf2bd4eb447b.jpg,640,640,Tidak Sehat,124,129,147,151
kubis-7_png.rf.a8c36cdaf894715a6939cf2bd4eb447b.jpg,640,640,Tidak Sehat,27,10,51,23
kubis-7_png.rf.a8c36cdaf894715a6939cf2bd4eb447b.jpg,640,640,Tidak Sehat,336,192,361,220
kubis-7_png.rf.a8c36cdaf894715a6939cf2bd4eb447b.jpg,640,640,Sehat,300,69,334,95
kubis-7_png.rf.a8c36cdaf894715a6939cf2bd4eb447b.jpg,640,640,Tidak Sehat,299,49,324,68
kubis-7_png.rf.a8c36cdaf894715a6939cf2bd4eb447b.jpg,640,640,Sehat,359,62,387,98
kubis-7_png.rf.a8c36cdaf894715a6939cf2bd4eb447b.jpg,640,640,Tidak Sehat,358,42,383,64
kubis-7_png.rf.a8c36cdaf894715a6939cf2bd4eb447b.jpg,640,640,Tidak Sehat,398,99,418,115
kubis-7_png.rf.a8c36cdaf894715a6939cf2bd4eb447b.jpg,640,640,Sehat,320,127,345,153
kubis-7_png.rf.a8c36cdaf894715a6939cf2bd4eb447b.jpg,640,640,Sehat,318,109,338,134
kubis-7_png.rf.a8c36cdaf894715a6939cf2bd4eb447b.jpg,640,640,Sehat,314,95,331,113
kubis-7_png.rf.a8c36cdaf894715a6939cf2bd4eb447b.jpg,640,640,Sehat,342,98,362,128
kubis-7_png.rf.a8c36cdaf894715a6939cf2bd4eb447b.jpg,640,640,Sehat,336,76,361,109
kubis-7_png.rf.a8c36cdaf894715a6939cf2bd4eb447b.jpg,640,640,Tidak Sehat,323,151,354,175
kubis-7_png.rf.a8c36cdaf894715a6939cf2bd4eb447b.jpg,640,640,Tidak Sehat,289,272,319,298
kubis-7_png.rf.a8c36cdaf894715a6939cf2bd4eb447b.jpg,640,640,Tidak Sehat,267,171,293,201
kubis-7_png.rf.a8c36cdaf894715a6939cf2bd4eb447b.jpg,640,640,Tidak Sehat,286,148,309,164
kubis-7_png.rf.a8c36cdaf894715a6939cf2bd4eb447b.jpg,640,640,Tidak Sehat,279,111,305,130
kubis-7_png.rf.a8c36cdaf894715a6939cf2bd4eb447b.jpg,640,640,Tidak Sehat,260,108,282,129
kubis-7_png.rf.a8c36cdaf894715a6939cf2bd4eb447b.jpg,640,640,Tidak Sehat,286,129,306,151
kubis-7_png.rf.a8c36cdaf894715a6939cf2bd4eb447b.jpg,640,640,Sehat,284,228,312,259
kubis-7_png.rf.a8c36cdaf894715a6939cf2bd4eb447b.jpg,640,640,Sehat,309,243,333,279
kubis-7_png.rf.a8c36cdaf894715a6939cf2bd4eb447b.jpg,640,640,Sehat,290,176,322,207
kubis-7_png.rf.a8c36cdaf894715a6939cf2bd4eb447b.jpg,640,640,Sehat,365,98,398,132
kubis-7_png.rf.a8c36cdaf894715a6939cf2bd4eb447b.jpg,640,640,Sehat,402,135,434,162
kubis-7_png.rf.a8c36cdaf894715a6939cf2bd4eb447b.jpg,640,640,Sehat,411,24,435,57
kubis-7_png.rf.a8c36cdaf894715a6939cf2bd4eb447b.jpg,640,640,Sehat,342,217,391,266
kubis-7_png.rf.a8c36cdaf894715a6939cf2bd4eb447b.jpg,640,640,Sehat,362,200,392,227
kubis-7_png.rf.a8c36cdaf894715a6939cf2bd4eb447b.jpg,640,640,Sehat,374,131,402,151
kubis-7_png.rf.a8c36cdaf894715a6939cf2bd4eb447b.jpg,640,640,Sehat,350,156,384,181
kubis-7_png.rf.a8c36cdaf894715a6939cf2bd4eb447b.jpg,640,640,Sehat,383,167,406,187
kubis-7_png.rf.a8c36cdaf894715a6939cf2bd4eb447b.jpg,640,640,Sehat,158,170,184,202
kubis-7_png.rf.a8c36cdaf894715a6939cf2bd4eb447b.jpg,640,640,Tidak Sehat,187,179,207,206
kubis-7_png.rf.a8c36cdaf894715a6939cf2bd4eb447b.jpg,640,640,Sehat,174,140,201,172
kubis-7_png.rf.a8c36cdaf894715a6939cf2bd4eb447b.jpg,640,640,Sehat,154,149,177,177
kubis-7_png.rf.a8c36cdaf894715a6939cf2bd4eb447b.jpg,640,640,Sehat,257,222,280,251
kubis-7_png.rf.a8c36cdaf894715a6939cf2bd4eb447b.jpg,640,640,Sehat,300,205,326,226
kubis-7_png.rf.a8c36cdaf894715a6939cf2bd4eb447b.jpg,640,640,Sehat,391,205,418,240
kubis-7_png.rf.a8c36cdaf894715a6939cf2bd4eb447b.jpg,640,640,Sehat,357,175,385,203
kubis-7_png.rf.a8c36cdaf894715a6939cf2bd4eb447b.jpg,640,640,Sehat,330,169,357,196
kubis-7_png.rf.a8c36cdaf894715a6939cf2bd4eb447b.jpg,640,640,Sehat,351,132,379,173
kubis-7_png.rf.a8c36cdaf894715a6939cf2bd4eb447b.jpg,640,640,Sehat,47,109,73,135
kubis-7_png.rf.a8c36cdaf894715a6939cf2bd4eb447b.jpg,640,640,Sehat,109,77,132,103
kubis-7_png.rf.a8c36cdaf894715a6939cf2bd4eb447b.jpg,640,640,Sehat,99,40,121,63
kubis-7_png.rf.a8c36cdaf894715a6939cf2bd4eb447b.jpg,640,640,Sehat,180,21,206,48
kubis-7_png.rf.a8c36cdaf894715a6939cf2bd4eb447b.jpg,640,640,Tidak Sehat,98,18,122,42
kubis-7_png.rf.a8c36cdaf894715a6939cf2bd4eb447b.jpg,640,640,Tidak Sehat,117,0,138,22
kubis-7_png.rf.a8c36cdaf894715a6939cf2bd4eb447b.jpg,640,640,Tidak Sehat,122,19,142,44
kubis-7_png.rf.a8c36cdaf894715a6939cf2bd4eb447b.jpg,640,640,Tidak Sehat,127,38,147,59
kubis-7_png.rf.a8c36cdaf894715a6939cf2bd4eb447b.jpg,640,640,Tidak Sehat,176,253,198,267
kubis-7_png.rf.a8c36cdaf894715a6939cf2bd4eb447b.jpg,640,640,Tidak Sehat,202,220,220,247
kubis-9_PNG.rf.9a18e30f0467f960081f1367c9df94ff.jpg,640,640,Tidak Sehat,143,225,174,270
kubis-9_PNG.rf.9a18e30f0467f960081f1367c9df94ff.jpg,640,640,Tidak Sehat,26,218,78,273
kubis-9_PNG.rf.9a18e30f0467f960081f1367c9df94ff.jpg,640,640,Tidak Sehat,267,100,294,138
kubis-9_PNG.rf.9a18e30f0467f960081f1367c9df94ff.jpg,640,640,Tidak Sehat,299,80,322,127
kubis-9_PNG.rf.9a18e30f0467f960081f1367c9df94ff.jpg,640,640,Tidak Sehat,360,37,395,83
kubis-9_PNG.rf.9a18e30f0467f960081f1367c9df94ff.jpg,640,640,Tidak Sehat,319,44,358,108
kubis-9_PNG.rf.9a18e30f0467f960081f1367c9df94ff.jpg,640,640,Tidak Sehat,115,159,168,226
kubis-9_PNG.rf.9a18e30f0467f960081f1367c9df94ff.jpg,640,640,Tidak Sehat,0,375,19,442
kubis-9_PNG.rf.9a18e30f0467f960081f1367c9df94ff.jpg,640,640,Tidak Sehat,12,360,50,429
kubis-9_PNG.rf.9a18e30f0467f960081f1367c9df94ff.jpg,640,640,Tidak Sehat,40,351,73,399
kubis-9_PNG.rf.9a18e30f0467f960081f1367c9df94ff.jpg,640,640,Tidak Sehat,61,324,100,382
kubis-9_PNG.rf.9a18e30f0467f960081f1367c9df94ff.jpg,640,640,Tidak Sehat,122,298,166,361
kubis-9_PNG.rf.9a18e30f0467f960081f1367c9df94ff.jpg,640,640,Tidak Sehat,158,276,202,339
kubis-9_PNG.rf.9a18e30f0467f960081f1367c9df94ff.jpg,640,640,Tidak Sehat,234,229,276,279
kubis-9_PNG.rf.9a18e30f0467f960081f1367c9df94ff.jpg,640,640,Tidak Sehat,342,330,383,368
kubis-9_PNG.rf.9a18e30f0467f960081f1367c9df94ff.jpg,640,640,Tidak Sehat,512,366,552,423
kubis-9_PNG.rf.9a18e30f0467f960081f1367c9df94ff.jpg,640,640,Tidak Sehat,566,261,600,331
kubis-9_PNG.rf.9a18e30f0467f960081f1367c9df94ff.jpg,640,640,Tidak Sehat,549,204,586,257
kubis-9_PNG.rf.9a18e30f0467f960081f1367c9df94ff.jpg,640,640,Sehat,28,133,85,215
kubis-9_PNG.rf.9a18e30f0467f960081f1367c9df94ff.jpg,640,640,Sehat,70,119,122,192
kubis-9_PNG.rf.9a18e30f0467f960081f1367c9df94ff.jpg,640,640,Sehat,167,57,225,133
kubis-9_PNG.rf.9a18e30f0467f960081f1367c9df94ff.jpg,640,640,Sehat,138,77,192,140
kubis-9_PNG.rf.9a18e30f0467f960081f1367c9df94ff.jpg,640,640,Sehat,101,95,144,158
kubis-9_PNG.rf.9a18e30f0467f960081f1367c9df94ff.jpg,640,640,Sehat,225,17,281,108
kubis-9_PNG.rf.9a18e30f0467f960081f1367c9df94ff.jpg,640,640,Sehat,265,11,319,82
kubis-9_PNG.rf.9a18e30f0467f960081f1367c9df94ff.jpg,640,640,Sehat,300,3,347,47
kubis-9_PNG.rf.9a18e30f0467f960081f1367c9df94ff.jpg,640,640,Sehat,7,30,48,94
kubis-9_PNG.rf.9a18e30f0467f960081f1367c9df94ff.jpg,640,640,Sehat,41,13,83,74
kubis-9_PNG.rf.9a18e30f0467f960081f1367c9df94ff.jpg,640,640,Sehat,75,0,131,56
kubis-9_PNG.rf.9a18e30f0467f960081f1367c9df94ff.jpg,640,640,Sehat,104,231,157,300
kubis-9_PNG.rf.9a18e30f0467f960081f1367c9df94ff.jpg,640,640,Sehat,80,253,119,310
kubis-9_PNG.rf.9a18e30f0467f960081f1367c9df94ff.jpg,640,640,Sehat,44,265,90,330
kubis-9_PNG.rf.9a18e30f0467f960081f1367c9df94ff.jpg,640,640,Sehat,12,285,63,352
kubis-9_PNG.rf.9a18e30f0467f960081f1367c9df94ff.jpg,640,640,Sehat,175,200,226,257
kubis-9_PNG.rf.9a18e30f0467f960081f1367c9df94ff.jpg,640,640,Sehat,211,159,257,235
kubis-9_PNG.rf.9a18e30f0467f960081f1367c9df94ff.jpg,640,640,Sehat,156,136,204,192
kubis-9_PNG.rf.9a18e30f0467f960081f1367c9df94ff.jpg,640,640,Sehat,331,146,396,242
kubis-9_PNG.rf.9a18e30f0467f960081f1367c9df94ff.jpg,640,640,Sehat,377,140,434,205
kubis-9_PNG.rf.9a18e30f0467f960081f1367c9df94ff.jpg,640,640,Sehat,412,110,464,186
kubis-9_PNG.rf.9a18e30f0467f960081f1367c9df94ff.jpg,640,640,Sehat,397,281,462,347
kubis-9_PNG.rf.9a18e30f0467f960081f1367c9df94ff.jpg,640,640,Tidak Sehat,374,299,406,370
kubis-9_PNG.rf.9a18e30f0467f960081f1367c9df94ff.jpg,640,640,Tidak Sehat,325,349,354,390
kubis-9_PNG.rf.9a18e30f0467f960081f1367c9df94ff.jpg,640,640,Tidak Sehat,485,384,523,447
kubis-9_PNG.rf.9a18e30f0467f960081f1367c9df94ff.jpg,640,640,Tidak Sehat,456,385,489,471
kubis-9_PNG.rf.9a18e30f0467f960081f1367c9df94ff.jpg,640,640,Tidak Sehat,414,429,462,485
kubis-9_PNG.rf.9a18e30f0467f960081f1367c9df94ff.jpg,640,640,Tidak Sehat,413,341,470,396
kubis-9_PNG.rf.9a18e30f0467f960081f1367c9df94ff.jpg,640,640,Sehat,480,226,531,302
kubis-9_PNG.rf.9a18e30f0467f960081f1367c9df94ff.jpg,640,640,Tidak Sehat,520,209,561,278
kubis-9_PNG.rf.9a18e30f0467f960081f1367c9df94ff.jpg,640,640,Sehat,524,268,580,347
kubis-9_PNG.rf.9a18e30f0467f960081f1367c9df94ff.jpg,640,640,Tidak Sehat,445,268,499,337
kubis-9_PNG.rf.9a18e30f0467f960081f1367c9df94ff.jpg,640,640,Sehat,476,304,531,380
kubis-9_PNG.rf.9a18e30f0467f960081f1367c9df94ff.jpg,640,640,Sehat,287,353,343,432
kubis-9_PNG.rf.9a18e30f0467f960081f1367c9df94ff.jpg,640,640,Sehat,239,382,299,457
kubis-9_PNG.rf.9a18e30f0467f960081f1367c9df94ff.jpg,640,640,Sehat,80,464,145,536
kubis-9_PNG.rf.9a18e30f0467f960081f1367c9df94ff.jpg,640,640,Sehat,21,499,67,573
kubis-9_PNG.rf.9a18e30f0467f960081f1367c9df94ff.jpg,640,640,Sehat,89,522,170,606
kubis-9_PNG.rf.9a18e30f0467f960081f1367c9df94ff.jpg,640,640,Sehat,39,561,96,627
kubis-9_PNG.rf.9a18e30f0467f960081f1367c9df94ff.jpg,640,640,Sehat,3,529,37,611
kubis-9_PNG.rf.9a18e30f0467f960081f1367c9df94ff.jpg,640,640,Sehat,554,483,601,571
kubis-9_PNG.rf.9a18e30f0467f960081f1367c9df94ff.jpg,640,640,Sehat,593,471,637,546
kubis-9_PNG.rf.9a18e30f0467f960081f1367c9df94ff.jpg,640,640,Sehat,526,502,565,575
kubis-9_PNG.rf.9a18e30f0467f960081f1367c9df94ff.jpg,640,640,Sehat,497,503,543,588
kubis-9_PNG.rf.9a18e30f0467f960081f1367c9df94ff.jpg,640,640,Sehat,467,528,511,609
kubis-9_PNG.rf.9a18e30f0467f960081f1367c9df94ff.jpg,640,640,Sehat,431,543,480,625
kubis-9_PNG.rf.9a18e30f0467f960081f1367c9df94ff.jpg,640,640,Tidak Sehat,397,567,443,640
kubis-9_PNG.rf.9a18e30f0467f960081f1367c9df94ff.jpg,640,640,Sehat,365,595,404,639
kubis-9_PNG.rf.9a18e30f0467f960081f1367c9df94ff.jpg,640,640,Sehat,349,482,400,547
kubis-9_PNG.rf.9a18e30f0467f960081f1367c9df94ff.jpg,640,640,Tidak Sehat,314,501,356,556
kubis-9_PNG.rf.9a18e30f0467f960081f1367c9df94ff.jpg,640,640,Tidak Sehat,282,526,326,584
kubis-9_PNG.rf.9a18e30f0467f960081f1367c9df94ff.jpg,640,640,Tidak Sehat,250,540,288,613
kubis-9_PNG.rf.9a18e30f0467f960081f1367c9df94ff.jpg,640,640,Tidak Sehat,206,558,253,628
kubis-9_PNG.rf.9a18e30f0467f960081f1367c9df94ff.jpg,640,640,Tidak Sehat,197,488,238,554
kubis-9_PNG.rf.9a18e30f0467f960081f1367c9df94ff.jpg,640,640,Tidak Sehat,270,469,310,511
kubis-9_PNG.rf.9a18e30f0467f960081f1367c9df94ff.jpg,640,640,Tidak Sehat,329,443,375,466
kubis-9_PNG.rf.9a18e30f0467f960081f1367c9df94ff.jpg,640,640,Sehat,347,372,412,448
kubis-9_PNG.rf.9a18e30f0467f960081f1367c9df94ff.jpg,640,640,Sehat,230,468,279,534
kubis-9_PNG.rf.9a18e30f0467f960081f1367c9df94ff.jpg,640,640,Sehat,190,248,247,323
kubis-9_PNG.rf.9a18e30f0467f960081f1367c9df94ff.jpg,640,640,Sehat,410,25,466,113
kubis-9_PNG.rf.9a18e30f0467f960081f1367c9df94ff.jpg,640,640,Sehat,445,23,511,87
kubis-9_PNG.rf.9a18e30f0467f960081f1367c9df94ff.jpg,640,640,Sehat,489,13,522,66
kubis-9_PNG.rf.9a18e30f0467f960081f1367c9df94ff.jpg,640,640,Sehat,531,42,570,111
kubis-9_PNG.rf.9a18e30f0467f960081f1367c9df94ff.jpg,640,640,Sehat,502,72,545,138
kubis-9_PNG.rf.9a18e30f0467f960081f1367c9df94ff.jpg,640,640,Sehat,469,92,515,154
kubis-9_PNG.rf.9a18e30f0467f960081f1367c9df94ff.jpg,640,640,Sehat,439,97,478,166
kubis-9_PNG.rf.9a18e30f0467f960081f1367c9df94ff.jpg,640,640,Tidak Sehat,604,20,638,73
10_png.rf.3d2a4fc0bef0d01ed126011165e1a423.jpg,640,640,Sehat,15,50,52,119
10_png.rf.3d2a4fc0bef0d01ed126011165e1a423.jpg,640,640,Tidak Sehat,87,303,116,390
10_png.rf.3d2a4fc0bef0d01ed126011165e1a423.jpg,640,640,Tidak Sehat,96,362,126,399
10_png.rf.3d2a4fc0bef0d01ed126011165e1a423.jpg,640,640,Tidak Sehat,123,411,141,456
10_png.rf.3d2a4fc0bef0d01ed126011165e1a423.jpg,640,640,Tidak Sehat,154,496,175,548
10_png.rf.3d2a4fc0bef0d01ed126011165e1a423.jpg,640,640,Tidak Sehat,171,578,203,640
10_png.rf.3d2a4fc0bef0d01ed126011165e1a423.jpg,640,640,Tidak Sehat,208,553,237,613
10_png.rf.3d2a4fc0bef0d01ed126011165e1a423.jpg,640,640,Sehat,44,31,95,88
10_png.rf.3d2a4fc0bef0d01ed126011165e1a423.jpg,640,640,Sehat,76,80,112,155
10_png.rf.3d2a4fc0bef0d01ed126011165e1a423.jpg,640,640,Sehat,35,104,77,159
10_png.rf.3d2a4fc0bef0d01ed126011165e1a423.jpg,640,640,Sehat,41,139,78,234
10_png.rf.3d2a4fc0bef0d01ed126011165e1a423.jpg,640,640,Sehat,93,167,143,250
10_png.rf.3d2a4fc0bef0d01ed126011165e1a423.jpg,640,640,Sehat,105,223,157,310
10_png.rf.3d2a4fc0bef0d01ed126011165e1a423.jpg,640,640,Sehat,115,272,146,327
10_png.rf.3d2a4fc0bef0d01ed126011165e1a423.jpg,640,640,Sehat,140,324,171,385
10_png.rf.3d2a4fc0bef0d01ed126011165e1a423.jpg,640,640,Sehat,149,360,189,426
10_png.rf.3d2a4fc0bef0d01ed126011165e1a423.jpg,640,640,Sehat,153,393,200,493
10_png.rf.3d2a4fc0bef0d01ed126011165e1a423.jpg,640,640,Sehat,192,492,232,587
10_png.rf.3d2a4fc0bef0d01ed126011165e1a423.jpg,640,640,Tidak Sehat,185,1,208,58
10_png.rf.3d2a4fc0bef0d01ed126011165e1a423.jpg,640,640,Tidak Sehat,141,12,173,83
10_png.rf.3d2a4fc0bef0d01ed126011165e1a423.jpg,640,640,Tidak Sehat,149,53,189,125
10_png.rf.3d2a4fc0bef0d01ed126011165e1a423.jpg,640,640,Tidak Sehat,174,110,200,184
10_png.rf.3d2a4fc0bef0d01ed126011165e1a423.jpg,640,640,Sehat,212,83,244,166
10_png.rf.3d2a4fc0bef0d01ed126011165e1a423.jpg,640,640,Sehat,233,28,275,85
10_png.rf.3d2a4fc0bef0d01ed126011165e1a423.jpg,640,640,Tidak Sehat,360,23,395,85
10_png.rf.3d2a4fc0bef0d01ed126011165e1a423.jpg,640,640,Tidak Sehat,412,78,459,152
10_png.rf.3d2a4fc0bef0d01ed126011165e1a423.jpg,640,640,Tidak Sehat,412,47,437,93
10_png.rf.3d2a4fc0bef0d01ed126011165e1a423.jpg,640,640,Tidak Sehat,330,192,354,248
10_png.rf.3d2a4fc0bef0d01ed126011165e1a423.jpg,640,640,Sehat,335,265,394,358
10_png.rf.3d2a4fc0bef0d01ed126011165e1a423.jpg,640,640,Tidak Sehat,335,236,363,299
10_png.rf.3d2a4fc0bef0d01ed126011165e1a423.jpg,640,640,Sehat,276,214,320,292
10_png.rf.3d2a4fc0bef0d01ed126011165e1a423.jpg,640,640,Sehat,220,140,268,211
10_png.rf.3d2a4fc0bef0d01ed126011165e1a423.jpg,640,640,Sehat,222,189,273,254
10_png.rf.3d2a4fc0bef0d01ed126011165e1a423.jpg,640,640,Sehat,172,159,218,234
10_png.rf.3d2a4fc0bef0d01ed126011165e1a423.jpg,640,640,Sehat,194,211,223,280
10_png.rf.3d2a4fc0bef0d01ed126011165e1a423.jpg,640,640,Sehat,202,253,244,324
10_png.rf.3d2a4fc0bef0d01ed126011165e1a423.jpg,640,640,Sehat,207,300,278,386
10_png.rf.3d2a4fc0bef0d01ed126011165e1a423.jpg,640,640,Sehat,224,347,290,443
10_png.rf.3d2a4fc0bef0d01ed126011165e1a423.jpg,640,640,Sehat,241,441,308,541
10_png.rf.3d2a4fc0bef0d01ed126011165e1a423.jpg,640,640,Sehat,231,413,307,487
10_png.rf.3d2a4fc0bef0d01ed126011165e1a423.jpg,640,640,Sehat,273,509,320,625
10_png.rf.3d2a4fc0bef0d01ed126011165e1a423.jpg,640,640,Sehat,329,512,365,613
10_png.rf.3d2a4fc0bef0d01ed126011165e1a423.jpg,640,640,Sehat,294,451,353,561
10_png.rf.3d2a4fc0bef0d01ed126011165e1a423.jpg,640,640,Sehat,349,425,410,532
10_png.rf.3d2a4fc0bef0d01ed126011165e1a423.jpg,640,640,Sehat,299,420,344,508
10_png.rf.3d2a4fc0bef0d01ed126011165e1a423.jpg,640,640,Sehat,257,281,309,351
10_png.rf.3d2a4fc0bef0d01ed126011165e1a423.jpg,640,640,Sehat,241,223,286,312
10_png.rf.3d2a4fc0bef0d01ed126011165e1a423.jpg,640,640,Sehat,245,75,291,155
10_png.rf.3d2a4fc0bef0d01ed126011165e1a423.jpg,640,640,Sehat,280,30,318,111
10_png.rf.3d2a4fc0bef0d01ed126011165e1a423.jpg,640,640,Sehat,298,97,355,188
10_png.rf.3d2a4fc0bef0d01ed126011165e1a423.jpg,640,640,Sehat,317,310,342,377
10_png.rf.3d2a4fc0bef0d01ed126011165e1a423.jpg,640,640,Sehat,365,317,401,413
10_png.rf.3d2a4fc0bef0d01ed126011165e1a423.jpg,640,640,Sehat,379,405,430,491
10_png.rf.3d2a4fc0bef0d01ed126011165e1a423.jpg,640,640,Tidak Sehat,382,368,412,445
10_png.rf.3d2a4fc0bef0d01ed126011165e1a423.jpg,640,640,Tidak Sehat,323,357,353,416
10_png.rf.3d2a4fc0bef0d01ed126011165e1a423.jpg,640,640,Sehat,345,396,374,464
10_png.rf.3d2a4fc0bef0d01ed126011165e1a423.jpg,640,640,Tidak Sehat,504,359,534,421
10_png.rf.3d2a4fc0bef0d01ed126011165e1a423.jpg,640,640,Tidak Sehat,464,213,496,292
10_png.rf.3d2a4fc0bef0d01ed126011165e1a423.jpg,640,640,Tidak Sehat,488,271,516,340
10_png.rf.3d2a4fc0bef0d01ed126011165e1a423.jpg,640,640,Tidak Sehat,486,0,512,65
10_png.rf.3d2a4fc0bef0d01ed126011165e1a423.jpg,640,640,Tidak Sehat,398,0,432,48
10_png.rf.3d2a4fc0bef0d01ed126011165e1a423.jpg,640,640,Tidak Sehat,435,0,486,84
10_png.rf.3d2a4fc0bef0d01ed126011165e1a423.jpg,640,640,Sehat,473,62,509,147
10_png.rf.3d2a4fc0bef0d01ed126011165e1a423.jpg,640,640,Tidak Sehat,441,131,483,189
10_png.rf.3d2a4fc0bef0d01ed126011165e1a423.jpg,640,640,Sehat,481,152,527,237
10_png.rf.3d2a4fc0bef0d01ed126011165e1a423.jpg,640,640,Sehat,481,120,513,193
10_png.rf.3d2a4fc0bef0d01ed126011165e1a423.jpg,640,640,Sehat,522,78,554,134
10_png.rf.3d2a4fc0bef0d01ed126011165e1a423.jpg,640,640,Sehat,525,119,572,203
10_png.rf.3d2a4fc0bef0d01ed126011165e1a423.jpg,640,640,Tidak Sehat,370,117,450,223
10_png.rf.3d2a4fc0bef0d01ed126011165e1a423.jpg,640,640,Sehat,399,199,476,332
10_png.rf.3d2a4fc0bef0d01ed126011165e1a423.jpg,640,640,Sehat,424,275,477,376
10_png.rf.3d2a4fc0bef0d01ed126011165e1a423.jpg,640,640,Tidak Sehat,436,335,497,410
10_png.rf.3d2a4fc0bef0d01ed126011165e1a423.jpg,640,640,Sehat,452,354,501,453
10_png.rf.3d2a4fc0bef0d01ed126011165e1a423.jpg,640,640,Sehat,454,414,527,540
10_png.rf.3d2a4fc0bef0d01ed126011165e1a423.jpg,640,640,Sehat,494,197,554,300
10_png.rf.3d2a4fc0bef0d01ed126011165e1a423.jpg,640,640,Sehat,504,249,556,341
10_png.rf.3d2a4fc0bef0d01ed126011165e1a423.jpg,640,640,Sehat,525,313,569,396
10_png.rf.3d2a4fc0bef0d01ed126011165e1a423.jpg,640,640,Sehat,539,170,591,256
10_png.rf.3d2a4fc0bef0d01ed126011165e1a423.jpg,640,640,Sehat,549,211,599,304
10_png.rf.3d2a4fc0bef0d01ed126011165e1a423.jpg,640,640,Sehat,558,260,608,372
10_png.rf.3d2a4fc0bef0d01ed126011165e1a423.jpg,640,640,Sehat,575,49,640,136
10_png.rf.3d2a4fc0bef0d01ed126011165e1a423.jpg,640,640,Sehat,575,12,618,86
10_png.rf.3d2a4fc0bef0d01ed126011165e1a423.jpg,640,640,Sehat,586,87,638,193
10_png.rf.3d2a4fc0bef0d01ed126011165e1a423.jpg,640,640,Sehat,608,122,640,235
7_png.rf.459e3b94ec3f27ea1f8064f58bebe544.jpg,640,640,Tidak Sehat,24,34,96,146
7_png.rf.459e3b94ec3f27ea1f8064f58bebe544.jpg,640,640,Sehat,42,108,148,316
7_png.rf.459e3b94ec3f27ea1f8064f58bebe544.jpg,640,640,Sehat,77,223,190,361
7_png.rf.459e3b94ec3f27ea1f8064f58bebe544.jpg,640,640,Sehat,74,318,185,509
7_png.rf.459e3b94ec3f27ea1f8064f58bebe544.jpg,640,640,Sehat,156,426,231,580
7_png.rf.459e3b94ec3f27ea1f8064f58bebe544.jpg,640,640,Sehat,114,0,205,73
7_png.rf.459e3b94ec3f27ea1f8064f58bebe544.jpg,640,640,Sehat,149,87,241,199
7_png.rf.459e3b94ec3f27ea1f8064f58bebe544.jpg,640,640,Sehat,189,185,274,288
7_png.rf.459e3b94ec3f27ea1f8064f58bebe544.jpg,640,640,Sehat,223,384,334,560
7_png.rf.459e3b94ec3f27ea1f8064f58bebe544.jpg,640,640,Sehat,210,303,314,363
7_png.rf.459e3b94ec3f27ea1f8064f58bebe544.jpg,640,640,Sehat,262,25,369,213
7_png.rf.459e3b94ec3f27ea1f8064f58bebe544.jpg,640,640,Sehat,313,163,392,305
7_png.rf.459e3b94ec3f27ea1f8064f58bebe544.jpg,640,640,Sehat,323,266,435,459
7_png.rf.459e3b94ec3f27ea1f8064f58bebe544.jpg,640,640,Sehat,363,409,456,575
7_png.rf.459e3b94ec3f27ea1f8064f58bebe544.jpg,640,640,Sehat,372,7,492,150
7_png.rf.459e3b94ec3f27ea1f8064f58bebe544.jpg,640,640,Sehat,431,117,494,246
7_png.rf.459e3b94ec3f27ea1f8064f58bebe544.jpg,640,640,Sehat,453,208,527,376
7_png.rf.459e3b94ec3f27ea1f8064f58bebe544.jpg,640,640,Sehat,481,300,571,462
7_png.rf.459e3b94ec3f27ea1f8064f58bebe544.jpg,640,640,Sehat,486,406,566,581
3_png.rf.ef9454fb018381b2f6f1044b6b571caf.jpg,640,640,Sehat,20,305,47,347
3_png.rf.ef9454fb018381b2f6f1044b6b571caf.jpg,640,640,Sehat,41,291,69,342
3_png.rf.ef9454fb018381b2f6f1044b6b571caf.jpg,640,640,Sehat,96,272,123,303
3_png.rf.ef9454fb018381b2f6f1044b6b571caf.jpg,640,640,Sehat,58,278,85,335
3_png.rf.ef9454fb018381b2f6f1044b6b571caf.jpg,640,640,Tidak Sehat,79,279,98,318
3_png.rf.ef9454fb018381b2f6f1044b6b571caf.jpg,640,640,Tidak Sehat,3,379,21,416
3_png.rf.ef9454fb018381b2f6f1044b6b571caf.jpg,640,640,Tidak Sehat,1,424,19,448
3_png.rf.ef9454fb018381b2f6f1044b6b571caf.jpg,640,640,Tidak Sehat,123,337,147,366
3_png.rf.ef9454fb018381b2f6f1044b6b571caf.jpg,640,640,Tidak Sehat,299,218,315,242
3_png.rf.ef9454fb018381b2f6f1044b6b571caf.jpg,640,640,Tidak Sehat,314,199,333,233
3_png.rf.ef9454fb018381b2f6f1044b6b571caf.jpg,640,640,Tidak Sehat,420,123,446,166
3_png.rf.ef9454fb018381b2f6f1044b6b571caf.jpg,640,640,Tidak Sehat,457,188,465,208
3_png.rf.ef9454fb018381b2f6f1044b6b571caf.jpg,640,640,Tidak Sehat,426,250,444,277
3_png.rf.ef9454fb018381b2f6f1044b6b571caf.jpg,640,640,Tidak Sehat,442,234,465,259
3_png.rf.ef9454fb018381b2f6f1044b6b571caf.jpg,640,640,Tidak Sehat,384,240,399,256
3_png.rf.ef9454fb018381b2f6f1044b6b571caf.jpg,640,640,Tidak Sehat,370,244,381,265
3_png.rf.ef9454fb018381b2f6f1044b6b571caf.jpg,640,640,Tidak Sehat,518,267,530,300
3_png.rf.ef9454fb018381b2f6f1044b6b571caf.jpg,640,640,Tidak Sehat,484,292,505,321
3_png.rf.ef9454fb018381b2f6f1044b6b571caf.jpg,640,640,Tidak Sehat,598,384,613,409
3_png.rf.ef9454fb018381b2f6f1044b6b571caf.jpg,640,640,Tidak Sehat,563,400,579,434
3_png.rf.ef9454fb018381b2f6f1044b6b571caf.jpg,640,640,Tidak Sehat,587,343,604,362
3_png.rf.ef9454fb018381b2f6f1044b6b571caf.jpg,640,640,Tidak Sehat,469,514,477,533
3_png.rf.ef9454fb018381b2f6f1044b6b571caf.jpg,640,640,Tidak Sehat,322,531,335,553
3_png.rf.ef9454fb018381b2f6f1044b6b571caf.jpg,640,640,Tidak Sehat,338,521,355,548
3_png.rf.ef9454fb018381b2f6f1044b6b571caf.jpg,640,640,Tidak Sehat,354,515,364,539
3_png.rf.ef9454fb018381b2f6f1044b6b571caf.jpg,640,640,Tidak Sehat,307,587,321,620
3_png.rf.ef9454fb018381b2f6f1044b6b571caf.jpg,640,640,Tidak Sehat,189,576,206,613
3_png.rf.ef9454fb018381b2f6f1044b6b571caf.jpg,640,640,Tidak Sehat,34,574,47,599
3_png.rf.ef9454fb018381b2f6f1044b6b571caf.jpg,640,640,Tidak Sehat,185,623,200,640
3_png.rf.ef9454fb018381b2f6f1044b6b571caf.jpg,640,640,Tidak Sehat,218,606,238,629
3_png.rf.ef9454fb018381b2f6f1044b6b571caf.jpg,640,640,Tidak Sehat,570,234,581,255
3_png.rf.ef9454fb018381b2f6f1044b6b571caf.jpg,640,640,Tidak Sehat,562,191,584,235
3_png.rf.ef9454fb018381b2f6f1044b6b571caf.jpg,640,640,Tidak Sehat,528,12,547,42
3_png.rf.ef9454fb018381b2f6f1044b6b571caf.jpg,640,640,Tidak Sehat,245,539,263,567
3_png.rf.ef9454fb018381b2f6f1044b6b571caf.jpg,640,640,Tidak Sehat,271,576,285,601
3_png.rf.ef9454fb018381b2f6f1044b6b571caf.jpg,640,640,Sehat,14,366,43,402
3_png.rf.ef9454fb018381b2f6f1044b6b571caf.jpg,640,640,Sehat,18,405,38,445
3_png.rf.ef9454fb018381b2f6f1044b6b571caf.jpg,640,640,Sehat,35,391,57,444
3_png.rf.ef9454fb018381b2f6f1044b6b571caf.jpg,640,640,Sehat,38,348,61,383
3_png.rf.ef9454fb018381b2f6f1044b6b571caf.jpg,640,640,Sehat,54,344,76,372
3_png.rf.ef9454fb018381b2f6f1044b6b571caf.jpg,640,640,Sehat,47,377,75,431
3_png.rf.ef9454fb018381b2f6f1044b6b571caf.jpg,640,640,Sehat,69,365,94,413
3_png.rf.ef9454fb018381b2f6f1044b6b571caf.jpg,640,640,Sehat,73,331,100,362
3_png.rf.ef9454fb018381b2f6f1044b6b571caf.jpg,640,640,Sehat,83,361,109,400
3_png.rf.ef9454fb018381b2f6f1044b6b571caf.jpg,640,640,Tidak Sehat,93,315,113,346
3_png.rf.ef9454fb018381b2f6f1044b6b571caf.jpg,640,640,Sehat,107,345,126,388
3_png.rf.ef9454fb018381b2f6f1044b6b571caf.jpg,640,640,Sehat,105,305,129,341
3_png.rf.ef9454fb018381b2f6f1044b6b571caf.jpg,640,640,Sehat,124,295,147,334
3_png.rf.ef9454fb018381b2f6f1044b6b571caf.jpg,640,640,Tidak Sehat,143,329,160,357
3_png.rf.ef9454fb018381b2f6f1044b6b571caf.jpg,640,640,Sehat,31,470,50,509
3_png.rf.ef9454fb018381b2f6f1044b6b571caf.jpg,640,640,Sehat,26,526,48,567
3_png.rf.ef9454fb018381b2f6f1044b6b571caf.jpg,640,640,Sehat,43,513,65,548
3_png.rf.ef9454fb018381b2f6f1044b6b571caf.jpg,640,640,Sehat,94,484,112,515
3_png.rf.ef9454fb018381b2f6f1044b6b571caf.jpg,640,640,Sehat,77,490,100,525
3_png.rf.ef9454fb018381b2f6f1044b6b571caf.jpg,640,640,Sehat,62,505,81,540
3_png.rf.ef9454fb018381b2f6f1044b6b571caf.jpg,640,640,Sehat,44,463,74,510
3_png.rf.ef9454fb018381b2f6f1044b6b571caf.jpg,640,640,Sehat,67,453,87,490
3_png.rf.ef9454fb018381b2f6f1044b6b571caf.jpg,640,640,Tidak Sehat,129,462,146,492
3_png.rf.ef9454fb018381b2f6f1044b6b571caf.jpg,640,640,Sehat,80,435,103,488
3_png.rf.ef9454fb018381b2f6f1044b6b571caf.jpg,640,640,Sehat,100,433,119,473
3_png.rf.ef9454fb018381b2f6f1044b6b571caf.jpg,640,640,Sehat,117,417,137,454
3_png.rf.ef9454fb018381b2f6f1044b6b571caf.jpg,640,640,Tidak Sehat,182,378,197,410
3_png.rf.ef9454fb018381b2f6f1044b6b571caf.jpg,640,640,Sehat,163,388,180,423
3_png.rf.ef9454fb018381b2f6f1044b6b571caf.jpg,640,640,Sehat,148,387,165,427
3_png.rf.ef9454fb018381b2f6f1044b6b571caf.jpg,640,640,Sehat,129,408,155,440
3_png.rf.ef9454fb018381b2f6f1044b6b571caf.jpg,640,640,Sehat,108,467,129,499
3_png.rf.ef9454fb018381b2f6f1044b6b571caf.jpg,640,640,Tidak Sehat,185,472,201,498
3_png.rf.ef9454fb018381b2f6f1044b6b571caf.jpg,640,640,Sehat,146,486,163,523
3_png.rf.ef9454fb018381b2f6f1044b6b571caf.jpg,640,640,Sehat,164,478,181,508
3_png.rf.ef9454fb018381b2f6f1044b6b571caf.jpg,640,640,Sehat,139,443,162,477
3_png.rf.ef9454fb018381b2f6f1044b6b571caf.jpg,640,640,Sehat,158,427,179,460
3_png.rf.ef9454fb018381b2f6f1044b6b571caf.jpg,640,640,Sehat,172,419,190,450
3_png.rf.ef9454fb018381b2f6f1044b6b571caf.jpg,640,640,Sehat,189,407,208,437
3_png.rf.ef9454fb018381b2f6f1044b6b571caf.jpg,640,640,Sehat,208,389,230,433
3_png.rf.ef9454fb018381b2f6f1044b6b571caf.jpg,640,640,Sehat,201,355,218,391
3_png.rf.ef9454fb018381b2f6f1044b6b571caf.jpg,640,640,Sehat,212,331,235,383
3_png.rf.ef9454fb018381b2f6f1044b6b571caf.jpg,640,640,Sehat,233,325,251,370
3_png.rf.ef9454fb018381b2f6f1044b6b571caf.jpg,640,640,Tidak Sehat,295,342,306,374
3_png.rf.ef9454fb018381b2f6f1044b6b571caf.jpg,640,640,Tidak Sehat,278,357,293,388
3_png.rf.ef9454fb018381b2f6f1044b6b571caf.jpg,640,640,Tidak Sehat,344,306,359,329
3_png.rf.ef9454fb018381b2f6f1044b6b571caf.jpg,640,640,Sehat,123,245,148,281
3_png.rf.ef9454fb018381b2f6f1044b6b571caf.jpg,640,640,Sehat,141,285,163,321
3_png.rf.ef9454fb018381b2f6f1044b6b571caf.jpg,640,640,Sehat,145,231,167,275
3_png.rf.ef9454fb018381b2f6f1044b6b571caf.jpg,640,640,Sehat,162,230,183,265
3_png.rf.ef9454fb018381b2f6f1044b6b571caf.jpg,640,640,Sehat,177,210,200,251
3_png.rf.ef9454fb018381b2f6f1044b6b571caf.jpg,640,640,Sehat,197,203,216,236
3_png.rf.ef9454fb018381b2f6f1044b6b571caf.jpg,640,640,Sehat,212,188,230,223
3_png.rf.ef9454fb018381b2f6f1044b6b571caf.jpg,640,640,Sehat,227,178,250,206
3_png.rf.ef9454fb018381b2f6f1044b6b571caf.jpg,640,640,Sehat,246,158,264,197
3_png.rf.ef9454fb018381b2f6f1044b6b571caf.jpg,640,640,Sehat,259,140,283,187
3_png.rf.ef9454fb018381b2f6f1044b6b571caf.jpg,640,640,Sehat,278,134,297,173
3_png.rf.ef9454fb018381b2f6f1044b6b571caf.jpg,640,640,Sehat,299,127,312,162
3_png.rf.ef9454fb018381b2f6f1044b6b571caf.jpg,640,640,Sehat,157,272,180,312
3_png.rf.ef9454fb018381b2f6f1044b6b571caf.jpg,640,640,Sehat,173,263,194,298
3_png.rf.ef9454fb018381b2f6f1044b6b571caf.jpg,640,640,Sehat,189,246,211,283
3_png.rf.ef9454fb018381b2f6f1044b6b571caf.jpg,640,640,Sehat,210,236,225,273
3_png.rf.ef9454fb018381b2f6f1044b6b571caf.jpg,640,640,Sehat,220,222,241,255
3_png.rf.ef9454fb018381b2f6f1044b6b571caf.jpg,640,640,Sehat,234,207,258,248
3_png.rf.ef9454fb018381b2f6f1044b6b571caf.jpg,640,640,Sehat,252,193,272,236
3_png.rf.ef9454fb018381b2f6f1044b6b571caf.jpg,640,640,Sehat,269,178,289,225
3_png.rf.ef9454fb018381b2f6f1044b6b571caf.jpg,640,640,Sehat,286,170,309,212
3_png.rf.ef9454fb018381b2f6f1044b6b571caf.jpg,640,640,Sehat,305,164,323,203
3_png.rf.ef9454fb018381b2f6f1044b6b571caf.jpg,640,640,Tidak Sehat,321,161,337,197
3_png.rf.ef9454fb018381b2f6f1044b6b571caf.jpg,640,640,Sehat,313,119,334,165
3_png.rf.ef9454fb018381b2f6f1044b6b571caf.jpg,640,640,Sehat,328,101,345,141
3_png.rf.ef9454fb018381b2f6f1044b6b571caf.jpg,640,640,Sehat,338,91,363,129
3_png.rf.ef9454fb018381b2f6f1044b6b571caf.jpg,640,640,Sehat,355,75,376,115
3_png.rf.ef9454fb018381b2f6f1044b6b571caf.jpg,640,640,Tidak Sehat,446,30,458,62
3_png.rf.ef9454fb018381b2f6f1044b6b571caf.jpg,640,640,Tidak Sehat,467,170,488,204
3_png.rf.ef9454fb018381b2f6f1044b6b571caf.jpg,640,640,Sehat,483,157,497,183
3_png.rf.ef9454fb018381b2f6f1044b6b571caf.jpg,640,640,Tidak Sehat,516,136,530,161
3_png.rf.ef9454fb018381b2f6f1044b6b571caf.jpg,640,640,Tidak Sehat,542,138,566,176
3_png.rf.ef9454fb018381b2f6f1044b6b571caf.jpg,640,640,Sehat,495,137,520,178
3_png.rf.ef9454fb018381b2f6f1044b6b571caf.jpg,640,640,Sehat,477,201,498,232
3_png.rf.ef9454fb018381b2f6f1044b6b571caf.jpg,640,640,Sehat,494,188,513,220
3_png.rf.ef9454fb018381b2f6f1044b6b571caf.jpg,640,640,Sehat,516,175,531,211
3_png.rf.ef9454fb018381b2f6f1044b6b571caf.jpg,640,640,Sehat,521,155,546,202
3_png.rf.ef9454fb018381b2f6f1044b6b571caf.jpg,640,640,Sehat,540,187,561,247
3_png.rf.ef9454fb018381b2f6f1044b6b571caf.jpg,640,640,Sehat,513,213,538,264
3_png.rf.ef9454fb018381b2f6f1044b6b571caf.jpg,640,640,Sehat,548,246,568,280
3_png.rf.ef9454fb018381b2f6f1044b6b571caf.jpg,640,640,Sehat,373,65,396,112
3_png.rf.ef9454fb018381b2f6f1044b6b571caf.jpg,640,640,Sehat,396,53,418,102
3_png.rf.ef9454fb018381b2f6f1044b6b571caf.jpg,640,640,Sehat,414,51,432,84
3_png.rf.ef9454fb018381b2f6f1044b6b571caf.jpg,640,640,Sehat,423,31,448,74
3_png.rf.ef9454fb018381b2f6f1044b6b571caf.jpg,640,640,Sehat,449,63,472,94
3_png.rf.ef9454fb018381b2f6f1044b6b571caf.jpg,640,640,Sehat,437,71,454,110
3_png.rf.ef9454fb018381b2f6f1044b6b571caf.jpg,640,640,Sehat,455,12,481,53
3_png.rf.ef9454fb018381b2f6f1044b6b571caf.jpg,640,640,Sehat,473,4,496,36
3_png.rf.ef9454fb018381b2f6f1044b6b571caf.jpg,640,640,Sehat,489,39,505,72
3_png.rf.ef9454fb018381b2f6f1044b6b571caf.jpg,640,640,Sehat,475,49,492,87
3_png.rf.ef9454fb018381b2f6f1044b6b571caf.jpg,640,640,Tidak Sehat,493,75,506,116
3_png.rf.ef9454fb018381b2f6f1044b6b571caf.jpg,640,640,Tidak Sehat,475,89,495,127
3_png.rf.ef9454fb018381b2f6f1044b6b571caf.jpg,640,640,Sehat,333,140,360,172
3_png.rf.ef9454fb018381b2f6f1044b6b571caf.jpg,640,640,Sehat,333,178,349,223
3_png.rf.ef9454fb018381b2f6f1044b6b571caf.jpg,640,640,Sehat,344,176,368,209
3_png.rf.ef9454fb018381b2f6f1044b6b571caf.jpg,640,640,Sehat,355,134,376,166
3_png.rf.ef9454fb018381b2f6f1044b6b571caf.jpg,640,640,Sehat,372,121,394,148
3_png.rf.ef9454fb018381b2f6f1044b6b571caf.jpg,640,640,Sehat,363,154,390,195
3_png.rf.ef9454fb018381b2f6f1044b6b571caf.jpg,640,640,Sehat,384,144,403,188
3_png.rf.ef9454fb018381b2f6f1044b6b571caf.jpg,640,640,Sehat,403,131,425,178
3_png.rf.ef9454fb018381b2f6f1044b6b571caf.jpg,640,640,Sehat,390,101,404,137
3_png.rf.ef9454fb018381b2f6f1044b6b571caf.jpg,640,640,Sehat,402,93,417,130
3_png.rf.ef9454fb018381b2f6f1044b6b571caf.jpg,640,640,Sehat,421,81,440,119
3_png.rf.ef9454fb018381b2f6f1044b6b571caf.jpg,640,640,Tidak Sehat,454,101,477,141
3_png.rf.ef9454fb018381b2f6f1044b6b571caf.jpg,640,640,Sehat,523,48,552,94
3_png.rf.ef9454fb018381b2f6f1044b6b571caf.jpg,640,640,Sehat,505,59,528,104
3_png.rf.ef9454fb018381b2f6f1044b6b571caf.jpg,640,640,Sehat,504,18,524,52
3_png.rf.ef9454fb018381b2f6f1044b6b571caf.jpg,640,640,Sehat,574,16,598,51
3_png.rf.ef9454fb018381b2f6f1044b6b571caf.jpg,640,640,Tidak Sehat,616,2,629,22
3_png.rf.ef9454fb018381b2f6f1044b6b571caf.jpg,640,640,Sehat,596,0,613,43
3_png.rf.ef9454fb018381b2f6f1044b6b571caf.jpg,640,640,Sehat,493,0,518,21
3_png.rf.ef9454fb018381b2f6f1044b6b571caf.jpg,640,640,Sehat,397,221,420,253
3_png.rf.ef9454fb018381b2f6f1044b6b571caf.jpg,640,640,Sehat,420,207,443,252
3_png.rf.ef9454fb018381b2f6f1044b6b571caf.jpg,640,640,Sehat,248,320,270,364
3_png.rf.ef9454fb018381b2f6f1044b6b571caf.jpg,640,640,Tidak Sehat,266,311,281,345
3_png.rf.ef9454fb018381b2f6f1044b6b571caf.jpg,640,640,Sehat,275,303,302,345
3_png.rf.ef9454fb018381b2f6f1044b6b571caf.jpg,640,640,Sehat,300,290,316,320
3_png.rf.ef9454fb018381b2f6f1044b6b571caf.jpg,640,640,Sehat,315,274,331,315
3_png.rf.ef9454fb018381b2f6f1044b6b571caf.jpg,640,640,Sehat,334,264,345,294
3_png.rf.ef9454fb018381b2f6f1044b6b571caf.jpg,640,640,Tidak Sehat,376,278,384,304
3_png.rf.ef9454fb018381b2f6f1044b6b571caf.jpg,640,640,Sehat,356,287,373,323
3_png.rf.ef9454fb018381b2f6f1044b6b571caf.jpg,640,640,Sehat,347,247,370,293
3_png.rf.ef9454fb018381b2f6f1044b6b571caf.jpg,640,640,Sehat,308,329,325,359
3_png.rf.ef9454fb018381b2f6f1044b6b571caf.jpg,640,640,Sehat,321,314,344,347
3_png.rf.ef9454fb018381b2f6f1044b6b571caf.jpg,640,640,Sehat,47,552,67,586
3_png.rf.ef9454fb018381b2f6f1044b6b571caf.jpg,640,640,Sehat,65,537,79,577
3_png.rf.ef9454fb018381b2f6f1044b6b571caf.jpg,640,640,Sehat,87,532,102,569
3_png.rf.ef9454fb018381b2f6f1044b6b571caf.jpg,640,640,Sehat,43,604,59,640
3_png.rf.ef9454fb018381b2f6f1044b6b571caf.jpg,640,640,Tidak Sehat,59,582,74,628
3_png.rf.ef9454fb018381b2f6f1044b6b571caf.jpg,640,640,Sehat,74,581,96,623
3_png.rf.ef9454fb018381b2f6f1044b6b571caf.jpg,640,640,Sehat,97,572,116,606
3_png.rf.ef9454fb018381b2f6f1044b6b571caf.jpg,640,640,Tidak Sehat,163,599,180,631
3_png.rf.ef9454fb018381b2f6f1044b6b571caf.jpg,640,640,Tidak Sehat,109,564,126,593
3_png.rf.ef9454fb018381b2f6f1044b6b571caf.jpg,640,640,Sehat,101,520,118,562
3_png.rf.ef9454fb018381b2f6f1044b6b571caf.jpg,640,640,Sehat,115,510,137,545
3_png.rf.ef9454fb018381b2f6f1044b6b571caf.jpg,640,640,Sehat,120,545,143,588
3_png.rf.ef9454fb018381b2f6f1044b6b571caf.jpg,640,640,Sehat,140,530,162,581
3_png.rf.ef9454fb018381b2f6f1044b6b571caf.jpg,640,640,Sehat,152,522,180,566
3_png.rf.ef9454fb018381b2f6f1044b6b571caf.jpg,640,640,Sehat,174,511,199,559
3_png.rf.ef9454fb018381b2f6f1044b6b571caf.jpg,640,640,Sehat,191,501,211,536
3_png.rf.ef9454fb018381b2f6f1044b6b571caf.jpg,640,640,Sehat,207,489,226,532
3_png.rf.ef9454fb018381b2f6f1044b6b571caf.jpg,640,640,Tidak Sehat,198,456,221,485
3_png.rf.ef9454fb018381b2f6f1044b6b571caf.jpg,640,640,Sehat,217,438,231,471
3_png.rf.ef9454fb018381b2f6f1044b6b571caf.jpg,640,640,Sehat,223,479,241,512
3_png.rf.ef9454fb018381b2f6f1044b6b571caf.jpg,640,640,Sehat,227,426,244,464
3_png.rf.ef9454fb018381b2f6f1044b6b571caf.jpg,640,640,Sehat,237,462,259,508
3_png.rf.ef9454fb018381b2f6f1044b6b571caf.jpg,640,640,Sehat,253,450,283,479
3_png.rf.ef9454fb018381b2f6f1044b6b571caf.jpg,640,640,Sehat,247,414,265,449
3_png.rf.ef9454fb018381b2f6f1044b6b571caf.jpg,640,640,Tidak Sehat,279,392,298,425
3_png.rf.ef9454fb018381b2f6f1044b6b571caf.jpg,640,640,Sehat,222,383,250,418
3_png.rf.ef9454fb018381b2f6f1044b6b571caf.jpg,640,640,Sehat,231,362,262,399
3_png.rf.ef9454fb018381b2f6f1044b6b571caf.jpg,640,640,Sehat,258,364,281,400
3_png.rf.ef9454fb018381b2f6f1044b6b571caf.jpg,640,640,Sehat,254,399,286,441
3_png.rf.ef9454fb018381b2f6f1044b6b571caf.jpg,640,640,Sehat,154,316,182,352
3_png.rf.ef9454fb018381b2f6f1044b6b571caf.jpg,640,640,Sehat,174,301,198,332
3_png.rf.ef9454fb018381b2f6f1044b6b571caf.jpg,640,640,Sehat,188,287,221,321
3_png.rf.ef9454fb018381b2f6f1044b6b571caf.jpg,640,640,Sehat,210,275,227,308
3_png.rf.ef9454fb018381b2f6f1044b6b571caf.jpg,640,640,Sehat,219,256,254,298
3_png.rf.ef9454fb018381b2f6f1044b6b571caf.jpg,640,640,Tidak Sehat,243,252,264,282
3_png.rf.ef9454fb018381b2f6f1044b6b571caf.jpg,640,640,Sehat,256,231,285,269
3_png.rf.ef9454fb018381b2f6f1044b6b571caf.jpg,640,640,Tidak Sehat,281,226,302,260
3_png.rf.ef9454fb018381b2f6f1044b6b571caf.jpg,640,640,Tidak Sehat,282,421,307,461
3_png.rf.ef9454fb018381b2f6f1044b6b571caf.jpg,640,640,Tidak Sehat,296,374,311,413
3_png.rf.ef9454fb018381b2f6f1044b6b571caf.jpg,640,640,Sehat,303,363,326,408
3_png.rf.ef9454fb018381b2f6f1044b6b571caf.jpg,640,640,Sehat,320,349,349,386
3_png.rf.ef9454fb018381b2f6f1044b6b571caf.jpg,640,640,Sehat,324,398,345,441
3_png.rf.ef9454fb018381b2f6f1044b6b571caf.jpg,640,640,Tidak Sehat,345,385,378,423
3_png.rf.ef9454fb018381b2f6f1044b6b571caf.jpg,640,640,Sehat,334,340,369,384
3_png.rf.ef9454fb018381b2f6f1044b6b571caf.jpg,640,640,Sehat,355,323,381,371
3_png.rf.ef9454fb018381b2f6f1044b6b571caf.jpg,640,640,Sehat,371,310,392,362
3_png.rf.ef9454fb018381b2f6f1044b6b571caf.jpg,640,640,Sehat,367,373,385,414
3_png.rf.ef9454fb018381b2f6f1044b6b571caf.jpg,640,640,Sehat,380,359,409,403
3_png.rf.ef9454fb018381b2f6f1044b6b571caf.jpg,640,640,Sehat,399,354,424,394
3_png.rf.ef9454fb018381b2f6f1044b6b571caf.jpg,640,640,Sehat,392,303,413,355
3_png.rf.ef9454fb018381b2f6f1044b6b571caf.jpg,640,640,Sehat,385,260,417,303
3_png.rf.ef9454fb018381b2f6f1044b6b571caf.jpg,640,640,Sehat,406,291,427,342
3_png.rf.ef9454fb018381b2f6f1044b6b571caf.jpg,640,640,Sehat,417,281,438,315
3_png.rf.ef9454fb018381b2f6f1044b6b571caf.jpg,640,640,Sehat,444,277,462,311
3_png.rf.ef9454fb018381b2f6f1044b6b571caf.jpg,640,640,Sehat,424,337,443,376
3_png.rf.ef9454fb018381b2f6f1044b6b571caf.jpg,640,640,Tidak Sehat,440,324,450,359
3_png.rf.ef9454fb018381b2f6f1044b6b571caf.jpg,640,640,Sehat,454,309,475,348
3_png.rf.ef9454fb018381b2f6f1044b6b571caf.jpg,640,640,Tidak Sehat,471,302,491,335
3_png.rf.ef9454fb018381b2f6f1044b6b571caf.jpg,640,640,Sehat,464,260,485,306
3_png.rf.ef9454fb018381b2f6f1044b6b571caf.jpg,640,640,Sehat,600,66,625,113
3_png.rf.ef9454fb018381b2f6f1044b6b571caf.jpg,640,640,Sehat,590,118,618,164
3_png.rf.ef9454fb018381b2f6f1044b6b571caf.jpg,640,640,Sehat,603,164,618,208
3_png.rf.ef9454fb018381b2f6f1044b6b571caf.jpg,640,640,Sehat,614,142,640,195
3_png.rf.ef9454fb018381b2f6f1044b6b571caf.jpg,640,640,Sehat,614,201,637,248
3_png.rf.ef9454fb018381b2f6f1044b6b571caf.jpg,640,640,Tidak Sehat,210,564,234,599
3_png.rf.ef9454fb018381b2f6f1044b6b571caf.jpg,640,640,Sehat,221,546,242,582
3_png.rf.ef9454fb018381b2f6f1044b6b571caf.jpg,640,640,Tidak Sehat,233,589,255,624
3_png.rf.ef9454fb018381b2f6f1044b6b571caf.jpg,640,640,Tidak Sehat,258,568,275,605
3_png.rf.ef9454fb018381b2f6f1044b6b571caf.jpg,640,640,Tidak Sehat,272,607,291,640
3_png.rf.ef9454fb018381b2f6f1044b6b571caf.jpg,640,640,Tidak Sehat,287,596,309,637
3_png.rf.ef9454fb018381b2f6f1044b6b571caf.jpg,640,640,Tidak Sehat,326,489,342,527
3_png.rf.ef9454fb018381b2f6f1044b6b571caf.jpg,640,640,Tidak Sehat,309,491,335,532
3_png.rf.ef9454fb018381b2f6f1044b6b571caf.jpg,640,640,Sehat,325,607,355,636
3_png.rf.ef9454fb018381b2f6f1044b6b571caf.jpg,640,640,Sehat,326,565,343,607
3_png.rf.ef9454fb018381b2f6f1044b6b571caf.jpg,640,640,Sehat,353,589,384,623
3_png.rf.ef9454fb018381b2f6f1044b6b571caf.jpg,640,640,Sehat,336,545,362,598
3_png.rf.ef9454fb018381b2f6f1044b6b571caf.jpg,640,640,Sehat,347,542,380,586
3_png.rf.ef9454fb018381b2f6f1044b6b571caf.jpg,640,640,Tidak Sehat,376,535,389,562
3_png.rf.ef9454fb018381b2f6f1044b6b571caf.jpg,640,640,Sehat,382,529,408,567
3_png.rf.ef9454fb018381b2f6f1044b6b571caf.jpg,640,640,Sehat,398,554,417,590
3_png.rf.ef9454fb018381b2f6f1044b6b571caf.jpg,640,640,Tidak Sehat,414,549,434,582
3_png.rf.ef9454fb018381b2f6f1044b6b571caf.jpg,640,640,Tidak Sehat,432,532,455,561
3_png.rf.ef9454fb018381b2f6f1044b6b571caf.jpg,640,640,Tidak Sehat,451,520,470,552
3_png.rf.ef9454fb018381b2f6f1044b6b571caf.jpg,640,640,Sehat,339,466,359,502
3_png.rf.ef9454fb018381b2f6f1044b6b571caf.jpg,640,640,Sehat,360,450,380,492
3_png.rf.ef9454fb018381b2f6f1044b6b571caf.jpg,640,640,Sehat,365,495,389,520
3_png.rf.ef9454fb018381b2f6f1044b6b571caf.jpg,640,640,Sehat,377,446,397,484
3_png.rf.ef9454fb018381b2f6f1044b6b571caf.jpg,640,640,Sehat,383,475,405,520
3_png.rf.ef9454fb018381b2f6f1044b6b571caf.jpg,640,640,Sehat,397,466,422,511
3_png.rf.ef9454fb018381b2f6f1044b6b571caf.jpg,640,640,Tidak Sehat,412,431,420,446
3_png.rf.ef9454fb018381b2f6f1044b6b571caf.jpg,640,640,Sehat,412,452,440,491
3_png.rf.ef9454fb018381b2f6f1044b6b571caf.jpg,640,640,Sehat,403,512,433,552
3_png.rf.ef9454fb018381b2f6f1044b6b571caf.jpg,640,640,Sehat,421,490,448,539
3_png.rf.ef9454fb018381b2f6f1044b6b571caf.jpg,640,640,Sehat,441,485,460,526
3_png.rf.ef9454fb018381b2f6f1044b6b571caf.jpg,640,640,Sehat,452,474,480,517
3_png.rf.ef9454fb018381b2f6f1044b6b571caf.jpg,640,640,Sehat,427,440,449,486
3_png.rf.ef9454fb018381b2f6f1044b6b571caf.jpg,640,640,Sehat,423,408,439,434
3_png.rf.ef9454fb018381b2f6f1044b6b571caf.jpg,640,640,Sehat,434,382,466,435
3_png.rf.ef9454fb018381b2f6f1044b6b571caf.jpg,640,640,Sehat,450,381,476,422
3_png.rf.ef9454fb018381b2f6f1044b6b571caf.jpg,640,640,Sehat,470,366,496,402
3_png.rf.ef9454fb018381b2f6f1044b6b571caf.jpg,640,640,Tidak Sehat,486,366,508,396
3_png.rf.ef9454fb018381b2f6f1044b6b571caf.jpg,640,640,Sehat,513,341,530,390
3_png.rf.ef9454fb018381b2f6f1044b6b571caf.jpg,640,640,Sehat,522,332,538,365
3_png.rf.ef9454fb018381b2f6f1044b6b571caf.jpg,640,640,Sehat,537,323,558,361
3_png.rf.ef9454fb018381b2f6f1044b6b571caf.jpg,640,640,Sehat,552,312,575,358
3_png.rf.ef9454fb018381b2f6f1044b6b571caf.jpg,640,640,Tidak Sehat,480,249,497,294
3_png.rf.ef9454fb018381b2f6f1044b6b571caf.jpg,640,640,Tidak Sehat,486,234,509,273
3_png.rf.ef9454fb018381b2f6f1044b6b571caf.jpg,640,640,Tidak Sehat,539,452,556,493
3_png.rf.ef9454fb018381b2f6f1044b6b571caf.jpg,640,640,Tidak Sehat,552,448,571,488
3_png.rf.ef9454fb018381b2f6f1044b6b571caf.jpg,640,640,Sehat,442,431,471,477
3_png.rf.ef9454fb018381b2f6f1044b6b571caf.jpg,640,640,Sehat,464,417,484,459
3_png.rf.ef9454fb018381b2f6f1044b6b571caf.jpg,640,640,Sehat,483,400,504,454
3_png.rf.ef9454fb018381b2f6f1044b6b571caf.jpg,640,640,Sehat,499,393,523,447
3_png.rf.ef9454fb018381b2f6f1044b6b571caf.jpg,640,640,Sehat,513,384,541,429
3_png.rf.ef9454fb018381b2f6f1044b6b571caf.jpg,640,640,Sehat,529,364,552,413
3_png.rf.ef9454fb018381b2f6f1044b6b571caf.jpg,640,640,Sehat,542,355,566,387
3_png.rf.ef9454fb018381b2f6f1044b6b571caf.jpg,640,640,Sehat,560,351,583,382
3_png.rf.ef9454fb018381b2f6f1044b6b571caf.jpg,640,640,Sehat,469,462,495,499
3_png.rf.ef9454fb018381b2f6f1044b6b571caf.jpg,640,640,Tidak Sehat,496,451,514,482
3_png.rf.ef9454fb018381b2f6f1044b6b571caf.jpg,640,640,Sehat,502,440,531,479
3_png.rf.ef9454fb018381b2f6f1044b6b571caf.jpg,640,640,Tidak Sehat,526,430,544,453
3_png.rf.ef9454fb018381b2f6f1044b6b571caf.jpg,640,640,Tidak Sehat,541,410,567,449
3_png.rf.ef9454fb018381b2f6f1044b6b571caf.jpg,640,640,Sehat,573,391,589,426
3_png.rf.ef9454fb018381b2f6f1044b6b571caf.jpg,640,640,Sehat,583,418,606,444
3_png.rf.ef9454fb018381b2f6f1044b6b571caf.jpg,640,640,Sehat,570,429,586,470
3_png.rf.ef9454fb018381b2f6f1044b6b571caf.jpg,640,640,Tidak Sehat,517,474,539,505
3_png.rf.ef9454fb018381b2f6f1044b6b571caf.jpg,640,640,Tidak Sehat,483,487,500,536
3_png.rf.ef9454fb018381b2f6f1044b6b571caf.jpg,640,640,Sehat,501,475,519,516
3_png.rf.ef9454fb018381b2f6f1044b6b571caf.jpg,640,640,Tidak Sehat,451,604,471,640
3_png.rf.ef9454fb018381b2f6f1044b6b571caf.jpg,640,640,Sehat,425,598,450,640
3_png.rf.ef9454fb018381b2f6f1044b6b571caf.jpg,640,640,Sehat,481,580,498,608
3_png.rf.ef9454fb018381b2f6f1044b6b571caf.jpg,640,640,Sehat,461,597,488,621
3_png.rf.ef9454fb018381b2f6f1044b6b571caf.jpg,640,640,Sehat,554,536,574,569
3_png.rf.ef9454fb018381b2f6f1044b6b571caf.jpg,640,640,Tidak Sehat,518,552,533,587
3_png.rf.ef9454fb018381b2f6f1044b6b571caf.jpg,640,640,Sehat,496,568,523,599
3_png.rf.ef9454fb018381b2f6f1044b6b571caf.jpg,640,640,Sehat,486,611,503,640
3_png.rf.ef9454fb018381b2f6f1044b6b571caf.jpg,640,640,Tidak Sehat,508,593,527,636
3_png.rf.ef9454fb018381b2f6f1044b6b571caf.jpg,640,640,Sehat,520,594,538,626
3_png.rf.ef9454fb018381b2f6f1044b6b571caf.jpg,640,640,Sehat,534,541,551,573
3_png.rf.ef9454fb018381b2f6f1044b6b571caf.jpg,640,640,Sehat,572,512,596,546
3_png.rf.ef9454fb018381b2f6f1044b6b571caf.jpg,640,640,Sehat,593,501,613,538
3_png.rf.ef9454fb018381b2f6f1044b6b571caf.jpg,640,640,Sehat,611,480,626,514
3_png.rf.ef9454fb018381b2f6f1044b6b571caf.jpg,640,640,Sehat,601,525,623,570
3_png.rf.ef9454fb018381b2f6f1044b6b571caf.jpg,640,640,Tidak Sehat,587,549,599,567
3_png.rf.ef9454fb018381b2f6f1044b6b571caf.jpg,640,640,Tidak Sehat,621,518,632,552
3_png.rf.ef9454fb018381b2f6f1044b6b571caf.jpg,640,640,Sehat,574,554,588,593
3_png.rf.ef9454fb018381b2f6f1044b6b571caf.jpg,640,640,Sehat,550,563,579,594
3_png.rf.ef9454fb018381b2f6f1044b6b571caf.jpg,640,640,Sehat,591,585,609,630
3_png.rf.ef9454fb018381b2f6f1044b6b571caf.jpg,640,640,Sehat,611,580,623,604
3_png.rf.ef9454fb018381b2f6f1044b6b571caf.jpg,640,640,Tidak Sehat,561,615,571,635
3_png.rf.ef9454fb018381b2f6f1044b6b571caf.jpg,640,640,Sehat,616,603,638,640
kubis-4_png.rf.039b49c80f3316d77b147ad92d3d129c.jpg,640,640,Sehat,67,215,113,252
kubis-4_png.rf.039b49c80f3316d77b147ad92d3d129c.jpg,640,640,Sehat,86,170,138,216
kubis-4_png.rf.039b49c80f3316d77b147ad92d3d129c.jpg,640,640,Tidak Sehat,138,51,183,96
kubis-4_png.rf.039b49c80f3316d77b147ad92d3d129c.jpg,640,640,Tidak Sehat,31,94,74,130
kubis-4_png.rf.039b49c80f3316d77b147ad92d3d129c.jpg,640,640,Tidak Sehat,50,161,83,191
kubis-4_png.rf.039b49c80f3316d77b147ad92d3d129c.jpg,640,640,Tidak Sehat,182,0,235,41
kubis-4_png.rf.039b49c80f3316d77b147ad92d3d129c.jpg,640,640,Tidak Sehat,170,147,225,197
kubis-4_png.rf.039b49c80f3316d77b147ad92d3d129c.jpg,640,640,Sehat,117,134,170,168
kubis-4_png.rf.039b49c80f3316d77b147ad92d3d129c.jpg,640,640,Sehat,66,73,107,114
kubis-4_png.rf.039b49c80f3316d77b147ad92d3d129c.jpg,640,640,Tidak Sehat,106,76,142,113
kubis-4_png.rf.039b49c80f3316d77b147ad92d3d129c.jpg,640,640,Tidak Sehat,1,1,37,53
kubis-4_png.rf.039b49c80f3316d77b147ad92d3d129c.jpg,640,640,Sehat,37,1,75,32
kubis-4_png.rf.039b49c80f3316d77b147ad92d3d129c.jpg,640,640,Sehat,46,41,91,82
kubis-4_png.rf.039b49c80f3316d77b147ad92d3d129c.jpg,640,640,Sehat,44,24,88,49
kubis-4_png.rf.039b49c80f3316d77b147ad92d3d129c.jpg,640,640,Sehat,18,61,60,103
kubis-4_png.rf.039b49c80f3316d77b147ad92d3d129c.jpg,640,640,Sehat,90,14,120,51
kubis-4_png.rf.039b49c80f3316d77b147ad92d3d129c.jpg,640,640,Sehat,120,2,174,52
kubis-4_png.rf.039b49c80f3316d77b147ad92d3d129c.jpg,640,640,Sehat,41,127,81,164
kubis-4_png.rf.039b49c80f3316d77b147ad92d3d129c.jpg,640,640,Tidak Sehat,73,112,120,168
kubis-4_png.rf.039b49c80f3316d77b147ad92d3d129c.jpg,640,640,Sehat,137,166,173,200
kubis-4_png.rf.039b49c80f3316d77b147ad92d3d129c.jpg,640,640,Sehat,143,198,192,238